id,label
0x0d4a11d5eeaac28ec3f61d100daf4d40471f1852,False
0xb4e16d0168e52d35cacd2c6185b44281ec28c9dc,False
0x811beed0119b4afce20d2583eb608c6f7af1954f,False
0xa2107fa5b38d9bbd2c461d6edf11b11a50f6b974,False
0x523a36ad73c402e456f49b04f0fe8eba5a8c85cd,False
0xa478c2975ab1ea89e8196811f51a7b7ade33eb11,False
0xd3d2e2692501a5c9ca623199d38826e513033a17,False
0xa43fe16908251ee70ef74718545e4fe6c5ccec9f,False
0x17782d58c715aa2a4458d5fb1c1d8e52a69a62fc,False
0x0149ebe930260ccfdaaa8e3081b4c39446b6f491,False
0x3c70f4faea49e50adc8305f2e1aa0ea326a54ffc,False
0xc2adda861f89bbb333c90c492cb837741916a225,False
0xc0a6bb3d31bb63033176edba7c48542d6b4e406d,False
0x2e81ec0b8b4022fac83a21b2f2b4b8f5ed744d70,False
0xca7c2771d248dcbe09eabe0ce57a62e18da178c0,False
0x454f11d58e27858926d7a4ece8bfea2c33e97b13,False
0x4a4d2410c3d4cfa8dd0d275bedefbd2f7b61ba2e,False
0x0c4a68cf6857cc76fe946d04fe85fac5fae9625e,False
0xe46935ae80e05cdebd4a4008b6ccaa36d2845370,False
0xa040832b1e5026da6dc843e6773a9e4d02fff9b1,False
0x359c138b1666aa2167aafc205a841ff432a23040,False
0x2615b89ad032ccda6d67e1d511f0e4c9e3a5dc13,False
0x2efc769fb8fd87ad63a38e8a0828f07c6331a734,False
0x11b1f53204d03e5529f09eb3091939e4fd8c9cf3,False
0xff58711683be66dad6e0e20e0043af46fc7f5f49,False
0x5b482ffbbdd01a629808eaf767140b5ba6c37e83,False
0x43ae24960e5534731fc831386c07755a2dc33d47,False
0x9c4fe5ffd9a9fc5678cfbd93aa2d4fd684b67c4c,False
0x59006fbbcf39592324095404fceaa2852f4d0c79,False
0x3e8468f66d30fc99f745481d4b383f89861702c6,False
0xcffdded873554f362ac02f8fb1f02e5ada10516f,False
0x755c1a8f71f4210cd7b60b9439451efcbeba33d1,False
0xb011eeaab8bf0c6de75510128da95498e4b7e67f,False
0xdf4aa141031e85468137ed125749c4f6a57f8f5b,False
0x2e7e978da0c53404a8cf66ed4ba2c7706c07b62a,False
0x26aad2da94c59524ac0d93f6d6cbf9071d7086f2,False
0x08650bb9dc722c9c8c62e79c2bafa2d3fc5b3293,False
0x4db44282701e28e0c2ac76188b8489298aabbc04,False
0x9def9511fec79f83afcbffe4776b1d817dc775ae,False
0x6ada49aeccf6e556bb7a35ef0119cc8ca795294a,False
0xa52566764daa95487526ba31a2c3671a6a82d336,False
0x7322abe9958a291f27f907aac35a17e29bf22bdf,False
0x25647e01bd0967c1b9599fa3521939871d1d0888,False
0x3a76104909b69d8f2d80dc2ade7a7d1de7a64c91,False
0xc6f348dd3b91a56d117ec0071c1e9b83c0996de4,False
0xf5ef67632cd2256d939702a126fe2c047d0a07bf,False
0xb6909b960dbbe7392d405429eb2b3649752b4838,False
0x5201883feeb05822ce25c9af8ab41fc78ca73fa9,False
0xf660809b6d2d34cc43f620a9b22a40895365a5f8,False
0xdf4a9e4d3374373902fb197fe0652a0508f5499d,False
0xa58967aa9d385e2a9004209ddb5d30d65fb2572c,False
0x893a134dafceb35c9cd022d54f2b8c40a235fa35,False
0x1a58aa618df8f1ec282748fef6185c1a1cc2faa6,False
0x8fb8bf2b444e37379e46de8bb77c551bd008f0ad,False
0x4d5f135691f13f7f5949ab3343ac7dc6bd7df80b,False
0xf232d640a5700724748464ba8bd8bed21db609a6,False
0xfd0a40bc83c5fae4203dec7e5929b446b07d1c76,False
0x455d4d19aca31c7530d75a32f98cf28d98365587,False
0x42f87018685e846d1a8de6986ab8ea03f43c4b9a,False
0x8878df9e1a7c87dcbf6d3999d997f262c05d8c70,False
0xbcf9c3e618702ab4a0d2055687c37a2846019c56,False
0x1ffec7119e315b15852557f654ae0052f76e6ae1,False
0xf421c3f2e695c2d4c0765379ccace8ade4a480d9,False
0x2fdbadf3c4d5a8666bc06645b8358ab803996e28,False
0x43de4318b6eb91a7cf37975dbb574396a7b5b5c6,False
0xecba967d84fcf0405f6b32bc45f4d36bfdbb2e81,False
0xc64518df38f4fda631f6341e5eee096cc80fb6fa,False
0xce84867c3c02b05dc570d0135103d3fb9cc19433,False
0xc730ef0f4973da9cc0ab8ab291890d3e77f58f79,False
0x03ce673e2980aaa10f4ac32e0ef8bae413de97e8,False
0xd366ed22f5b2262a2da4c32d8a4607c93690134a,False
0x2cfa0a77ca8d6eec60ea37f83ae27cd315f6b206,False
0xecadc47bc0dbc696eef28e4fe80a4360f9ed39eb,False
0x3885fbe4cd8aed7b7e9625923927fa1ce30662a3,False
0x9886202afd85a4ded704deb370dee516ee558661,False
0xaef16913b6c50ebcf627a394921f306985fc8604,False
0xb36ec83d844c0579ec2493f10b2087e96bb65460,False
0x2a6c340bcbb0a79d3deecd3bc5cbc2605ea9259f,False
0x7cc34ea5d7103d01b76e0dccf1ddad9f376801e9,False
0x30d4e73cc4580cbcf50baad3510d1e9efa187716,False
0x291c69fdaebd3cbe953843da243f8605a766a268,False
0x69c7bd26512f52bf6f76fab834140d13dda673ca,False
0x87b01a1935cdd35588a2aff22ecba1a9ce7cebd2,False
0x6d57a53a45343187905aad6ad8ed532d105697c1,False
0x0f18d9cddc22c09537b477a9f5269a4832048df6,False
0x23c89ec45e790a955f32942cff907ee3c55b33cd,False
0x58eeb5d44dc41965ab0a9e563536175c8dc5c3b3,False
0x598e7a017dace2534bc3f7496124c89425b1e165,False
0x4aadb3498f407e4d558589514bb9a4b341475e31,False
0xec6a6b7db761a5c9910ba8fcab98116d384b1b85,False
0x3c442bab170f19dd40d0b1a405c9d93b088b9332,False
0xe6f19dab7d43317344282f803f8e8d240708174a,False
0x544bd38c20a08db40deb6cf51be37b28d300af85,False
0x089dfd0078aaa2c9529bb37f66ccea1dc0ced3be,False
0x7924a818013f39cf800f5589ff1f1f0def54f31f,False
0x9ec9367b8c4dd45ec8e7b800b1f719251053ad60,False
0xef9f994a74cb6ef21c38b13553caa2e3e15f69d0,False
0x3c8ad34155b83ddb7f43119a19503d34ed2b5c7a,False
0xfcb910d871d7e94f5a566b7b32fb2b19583c09d7,False
0x123fca7e8272a8e9c3bb7113c259abc4901e792b,False
0x68fa181c720c07b7ff7412220e2431ce90a65a14,False
0x2cc846fff0b08fb3bffad71f53a60b4b6e6d6482,False
0x75201d546585ed4190bb5c7f0ae4f48dfe1b0c62,False
0x0324ae93a875a29a2d8b7391eab1c5540b7090e3,False
0x59e7bee6374a3f6ecb33180ece978fd4f2b7cea2,False
0x26ce49c08ee71aff0c43db8f8b9bea950b6cdc67,False
0xe96c108da71dbdb2aa1056bc55c3a073061a2fa1,False
0x9a632cd9cb44f9383bf6f3117056c2455b30a6e0,False
0x604db14f07a11032ee1856cc219ae6aa58575344,False
0xc98b3b8c7cc0d7d925d1a407347b845d9f001391,False
0xc03c6f5d6c5bf2959a4e74e10fd916b5b50bf102,False
0x74fe0478866d486c11d640af94312be56166df39,False
0x4a7d4be868e0b811ea804faf0d3a325c3a29a9ad,False
0x9081b50bad8beefac48cc616694c26b027c559bb,False
0x7b73644935b8e68019ac6356c40661e1bc315860,False
0x769f539486b31ef310125c44d7f405c6d470cd1f,False
0xb05d13c6f01c500e2a23c6c18aa4fd5b82ab150d,False
0xcbe856765eeec3fdc505ddebf9dc612da995e593,False
0xa0ce0b8fdbed2b63a28e4f2d23e075c7f16a8259,False
0xeedff72a683058f8ff531e8c98575f920430fdc5,False
0xbf68b2896bbac9faf9ee18c50408c8033a7f145b,False
0xa1bf0e900fb272089c9fd299ea14bfccb1d1c2c0,False
0xf5bb54af516890d564643ba16c09117fda5a98d3,False
0x629d22e6eeac46a11dbc96be93b90aee9309be4c,False
0x410fb10ba8af78a1e191fe3067208d3212ded961,False
0x2d34cdb56d670dbcccc05b816567562cf5a7b65e,False
0x7dd3f5705504002dc946aeafe6629b9481b72272,False
0xa986f2a12d85c44429f574ba50c0e21052b18ba1,False
0x3fd4cf9303c4bc9e13772618828712c8eac7dd2f,False
0x359d4e44a534b24fa6874b283921fd5b824845e5,False
0x797e1dc0738f2f047d7e0dd185e41a35f87c5618,False
0xcf4236db746dbc1855a4d095aaf58da9b030491e,False
0xb5697ab09923e1f762c60b973b9ac7e48a89ec45,False
0x97524f602706cdb64f9dfa71909ace06e98200b6,False
0xcaa004418eb42cdf00cb057b7c9e28f0ffd840a5,False
0x99920e0ba2b8aead4d10de769b28ecc29693c011,False
0x03296fdd8bf8e0f9def07fac3466b256fc8720b0,False
0xbf16540c857b4e32ce6c37d2f7725c8eec869b8b,False
0xf07a84f0732dfe8eea0d3961bcd8f62c761ff508,False
0x60b2cc2c6ecd3dd89b4fd76818ef83186e2f2931,False
0xa45ae11b1bad1433bdd8c776d45d877d1daf6683,False
0x570febdf89c07f256c75686caca215289bb11cfc,False
0xed6a33fb76513ca93a986e9caf7de1c16f9d6c01,False
0xce2cc0513634cef3a7c9c257e294ef5e3092f185,False
0xa3509a16bbfc5992eb01cc861b615ccd8e937da8,False
0xc6b9c3fa037303d10d50d71ae3cedb0eea7a1c78,False
0xdb44a4a457c87225b5ba45f27b7828a4cc03c112,False
0x8bd1661da98ebdd3bd080f0be4e6d9be8ce9858c,False
0xc783d210c483d76d158fd502af6b48439ffed9c5,False
0x15ab0333985fd1e289adf4fbbe19261454776642,False
0xf6048f2a7e1c44012265fab271c8eb89bb74bd4e,False
0xf66369997ae562bc9eec2ab9541581252f9ca383,False
0x81478a87a1f0f5d058aafcb98d11d3c044f2c6db,False
0x4d5ef58aac27d99935e5b6b4a6778ff292059991,False
0xa3b79b78678c15eec77389b380988b0229da1876,False
0x2f0b1417aa42ebf0b4ca1154212847f6094d708d,False
0xe945683b3462d2603a18bdfbb19261c6a4f03ad1,False
0x86fef14c27c78deaeb4349fd959caa11fc5b5d75,False
0x2a785850bf6455e00359fbae0da83e9a3a3ad44a,False
0x5ac6e23e67c9dc7bdadb190f34dc4fd4b103d9a2,False
0x4dc02e1bb2ec1ce4c50c351e6e06505e7b1dce8d,False
0xb062fcbb48154fd385f104b38a2f9f3ffd82ffe0,False
0xa29fe6ef9592b5d408cca961d0fb9b1faf497d6d,False
0x05b0c1d8839ef3a989b33b6b63d3aa96cb7ec142,False
0xdc00ba87cc2d99468f7f34bc04cbf72e111a32f7,False
0xfcc946ce097adb5ba88875a5b28803865f44109c,False
0x29ba3d899e8a819cf920adaff53ef1cf31969e66,False
0x42d52847be255eacee8c3f96b3b223c0b3cc0438,False
0x48e313460dd00100e22230e56e0a87b394066844,False
0x352e5eee2d9c957710be656534d51fbb3ce074d6,False
0x6da6c5c7eb4d840049f51ba1a79ac8caf3009466,False
0xff734dcb7fd6517caed5c6c8720992a0c676c800,False
0x9e98deac1a416c9ce3c892bd8eef586f1291ca35,False
0x874376be8231dad99aabf9ef0767b3cc054c60ee,False
0xef9ac6348a04ac07c8cfb19fe19827f1c92d7512,False
0xd89f1ef41a40db980883c4518387e682cdf83c7d,False
0x69c66beafb06674db41b22cfc50c34a93b8d82a2,False
0xd037b5856c563907df737931ae7c484da02f6c13,False
0x127cadea890813125ca083280ab921d2220558c2,False
0x3cfe0301ade738634ce61388f6524cf8c485f46c,False
0xb10dc6c9916c2ab4f75249e8292da149989be90e,False
0xfcfe058efa0be5bccfdd45e2c079997935fe0a64,False
0xcf3f7d858444f78ed16a339fed8c3fd9819ec235,False
0xddf9b7a31b32ebaf5c064c80900046c9e5b7c65f,False
0xae904569686346ebb0aa92e07934189f14c2f656,False
0x4de126d4940bb9a183e9b692d7f7dd5abb2638c5,False
0x463f4c94065f46d6eac66fdeca13f9b9e243be33,False
0xc5be99a02c6857f9eac67bbce58df5572498f40c,False
0xf89c1259adb40c378cd2b326e060c417a60012a5,False
0xfd7e2f93cfa76f6a6ecf740ba280a94468b103ec,False
0x60031819a16266d896268cfea5d5be0b6c2b5d75,False
0x80fd21ff4a1ff7727fb81e098c5062ba47fe67af,False
0x782a3e2ac6af3f592b2e8e1e37f54f99bcf202ad,False
0xdc3e94ddf605864b79fce18c7cf974e579001e7b,False
0xffa98a091331df4600f87c9164cd27e8a5cd2405,False
0x21ffaa1c83946a89bef4d639f71d070c868b8694,False
0xbf09c206efe7006cb5dd2c7e6c7a3eb06fb08283,False
0x4c083084c9d50334b343c44ec97d16011303cc73,False
0xb154256024041e3011c8024874e698b69a2081b3,False
0x232818620877fd9232e9ade0c91ef5518eb11788,False
0x424485f89ea52839fdb30640eb7dd7e0078e12fb,False
0x38d8c4c0981d6cabf2a0b0235f590873a0f53fac,False
0x0c3fdf9c70835f9be9db9585ecb6a1ee3f20a6c7,False
0xd3772a963790fede65646cfdae08734a17cd0f47,False
0x0184aabf9bbbe301285114c5e19bae9dfecde60e,False
0x3006c0d2a6e54d3590a44384c6f066c9cf9a4cea,False
0x89d75f0920b001b5ebcd20ac2d1ec3dfc93271f1,False
0xee5647e90cc76bb966d2babb483995f3efd95c39,False
0x87febfb3ac5791034fd5ef1a615e9d9627c2665d,False
0x8cb77ea869def8f7fdeab9e4da6cf02897bbf076,False
0x23d15edceb5b5b3a23347fa425846de80a2e8e5c,False
0x375876d8922bd7edaa249648124c4a34bc528d99,False
0x1ecb460a532c1d76937bedbadf7d333da30255a4,False
0x9ff68f61ca5eb0c6606dc517a9d44001e564bb66,False
0x56d8bbe2d518205b521aeb86a58e1b53b047a44f,False
0xdc900845732a53ee8df737efa282a6bc56976e62,False
0x73e02eaab68a41ea63bdae9dbd4b7678827b2352,False
0x677de72b5143475a8bb36d6981aa24effdf0c34f,False
0xa14e051af256157ce093aa54cb3b2f775358f559,False
0x470e8de2ebaef52014a47cb5e6af86884947f08c,False
0x96aa22baedc5a605357e0b9ae20ab6b10a472e03,False
0x5c6919b79fac1c3555675ae59a9ac2484f3972f5,False
0x1277a33fbe93e010c1edbb6ef1c3a3426210ef52,False
0x5ba6cccf75db97091f017878e3543ca89ee81618,False
0xf0d3f6e06ebfd808459dbc3e3260b48eb15d54fa,False
0xb3d994978d2bc50d2ce74c45fcd923e7c9c06730,False
0x9ce61ea1fe21d964a66b763927e29e1cffa96026,False
0x2dcf279fd3bef10d1ece32105b7ce5f1464ec1a4,False
0x10cfa744c77f1cb9a77fa418ac4a1b6ec62bcce4,False
0xe87e0be74368c8e153771dd4b2dee3ad3626fc4f,False
0xca9c4cc09e901f4d2aa072ed1aa95dcbe3a7a8e5,False
0x343fd171caf4f0287ae6b87d75a8964dc44516ab,False
0x71284d34813fc17367e2d5f35df8a1278c31bb15,False
0xc5202e3f5f60423d7106a68278c627fd091b5c7d,False
0x7d850b7dd7eb091ec313f730ee81e165a80e863f,False
0x4f6d22362629c5a933d285ad0036d78f30a6b1cb,False
0x0c722a487876989af8a05fffb6e32e45cc23fb3a,False
0x3827f0e43bb7d52a2ddd40eb8812180394a21b0d,False
0x0e85fb1be698e777f2185350b4a52e5ee8df51a6,False
0x7c9ac2c6de7187bc1ddbe61ac87e70f02563ab65,False
0xe85103fbfc004787934aa02f04d1cee4d4e6545c,False
0x99b1d4b7d0f7e8ac185cab53938d007c48a57db4,False
0xa541279d7a77a768abf45acbcac7f32f28101d5f,False
0x97e1fcb93ae7267dbafad23f7b9afaa08264cfd8,False
0xd90a1ba0cbaaaabfdc6c814cdf1611306a26e1f8,False
0xdf4f3749bb4e96bf91a67c7e873d9c04198d924a,False
0xe7f70c26ac86cc6c512c9d2d84496ecdb8d2b744,False
0x1f1838c3b8d9480779557876f868e36a9bc52ccb,False
0x83222a4169224832260457ee734eb88ac18420a8,False
0x12de8a435ff54f3e00951ef04119ff0e6a717bff,False
0xbb01ca0adb6bfdf021d1519d2b3054cc08ab01ba,False
0x6aac07badc54bb69add5a949dd964f6fe05a838b,False
0xf346d00965776e504930675100c8e2871bd6530d,False
0xb7426bfd2abf64428fa82a71b0d44b056ffcc286,False
0x52c77b0cb827afbad022e6d6caf2c44452edbc39,False
0x8749068c5b45fdaa369319e5daa1e5f332419c6d,False
0x2680a95fc9de215f1034f073185cc1f2a28b4107,False
0x9c4cc862f51b1ba90485de3502aa058ca4331f32,False
0x5281e311734869c64ca60ef047fd87759397efe6,False
0x0b0d6c11d26b58cb25f59bd9b14190c8941e58fc,False
0xda3a20aad0c34fa742bd9813d45bbf67c787ae0b,False
0x6fa835713c6daedfa7a8bd241c8d658f51df1fe0,False
0x3c2a37b1131da9941a577e7155ee393a5a6d7667,False
0xdacf0df40d3aee33f297505ef7166044ee6fa35a,False
0x827cbdb8e721ceabb49b68ac3092f52abe0ca5b5,False
0x9730b014700e78593fe62c06cad47ad1e0e5dff9,False
0x99d1a8302b6ac22fe970338f406e34543fe52737,False
0xb5d948ef184f912d631fede35f9f5af1fe808246,False
0x1921b852f38bc68430780242b2628d0ca14cef83,False
0x4ce3687fed17e19324f23e305593ab13bbd55c4d,False
0x456fb056a8d118300b624d3aee3864e685ae086c,False
0xec7a6619c3b5c251ca6ac8ee3d126d66e9541050,False
0x132bc4ea9e5282889fdcfe7bc7a91ea901a686d6,False
0xb06a5f6615f7ce50478a5c57c651bf5ead0578b0,False
0x724d5c9c618a2152e99a45649a3b8cf198321f46,False
0xd3597208283321ea4ca7902cf5b62d28ea9b4d58,False
0xf6c3595cbd6858b47e93c83312cef89750cea3a4,False
0xa5e9c917b4b821e4e0a5bbefce078ab6540d6b5e,False
0xab7e9602eed37ce90634d25775512aa827b0ebed,False
0x8dbee21e8586ee356130074aaa789c33159921ca,False
0x29c830864930c897efa2b9e9851342187b82010e,False
0xa5e79baee540f000ef6f23d067cd3ac22c7d9fe6,False
0x78688eb50cf6fcff197db9b2370a27a7f98adb88,False
0x72833289c5f4ad7aa4a88a538300ec4d4a879421,False
0xa1af3bb298673f46cf1299efc7e73e7b2e2d20b8,False
0xbcffa1619ab3ce350480ae0507408a3c6c3572bd,False
0x7fd1de95fc975fbbd8be260525758549ec477960,False
0x4f9fcdae3950a033074b93e269b6c382109fae71,False
0x0b85b3000bef3e26e01428d1b525a532ea7513b8,False
0x0529bf56c9448eafe144c151402bc11c0ff47c4c,False
0x386f5d5b48f791ecbc2fdae94fe5ed3c27fe6675,False
0x92330d8818e8a3b50f027c819fa46031ffba2c8c,False
0x86bb7e572fe959d5fe864681760c2a15ee14ce95,False
0x4c163ae689261fcef8c1d659ddf0cb044cef4bf6,False
0x8de7a9540e0edb617d78ca5a7c6cc18295fd8bb9,False
0x9b20e07394cd1fd767a302b502bb49d4da76bcab,False
0x3f75a5b408feb14cba3d21bd934dc5b88908f105,False
0xaf06e7c7170eb22d52eb09b5ec5d1373c34164e9,False
0x12d4444f96c644385d8ab355f6ddf801315b6254,False
0x2cf7a2a639d9b27be53f8c93ab6ae8b90f1a9591,False
0x85fa87fc505f7368cc46a41ff31a3b2daa12358f,False
0x2049df3435bdbb36d22f98fcd2e5027049a1f3ce,False
0xb27de0ba2abfbfdf15667a939f041b52118af5ba,False
0x67638994e73c5b1b23f8c82d3590dcd58e0be045,False
0x0fd3faf056382a25507de89022d8acf66b3d7410,False
0xaa883242265f106f5267e60002495103833afb3d,False
0xacde277dbc081bb691737057b372d5824390f2ab,False
0xee5dc788794f3b573ddd3095a22e6a5fae68438f,False
0x87c9524237a19338be7dbcac01d6d208ff31136f,False
0x20d2c17d1928ef4290bf17f922a10eaa2770bf43,False
0x51c1d5cdf10dda49219054920c22c8d4a23eed89,False
0x57c1fd86301c80291351b711c09bf6361bdbaca8,False
0xc724b925b99491b055750b37e564d17843053cd9,False
0x92cc4300b9fd36242900bca782b2e9e000bd5099,False
0x3185626c14acb9531d19560decb9d3e5e80681b1,False
0xc9919a9eb691f571e41db417f911135b4ac46fe7,False
0x2854fbda37ac17aa184772bca10d2ca731e06c8c,False
0x1e9ed2a6ae58f49b3f847eb9f301849c4a20b7e3,False
0x5b72bab71d437846e95e67900010af61f56a8ea5,False
0x8ae720a71622e824f576b4a8c03031066548a3b1,False
0x5aea97b6b539f8649edc53497444c07b3a7e365f,False
0x4e9e73c0170f09e709573127c4ab02e57b868178,False
0x3bf1b837ccc1f62114a3e74ced4fcfb121d7e52a,False
0xebbc72c68557406d6d0c7ff0aa0a86177f8994ab,False
0xa32523371390b0cc4e11f6bb236ecf4c2cdea101,False
0xfe903a12359496b932e24c5e9b78f1b9060a6342,False
0x92ad5f399a278754637d84e9cba7cf405c901b95,False
0x4214290310264a27b0ba8cff02b4c592d0234aa1,False
0xd6b117076222d95a05032a99f10738103c60d64d,False
0x6d7b6dad6abed1dfa5eba37a6667ba9dcfd49077,False
0x26577f58af2f7de1a85034bb360fd154cda022f3,False
0x3fdfd866fa9e1ab4b6f6762cbdce0bf787583dc3,False
0x74e6cac32234133fe06bd0f4d8237dee1dede057,False
0xb3f1e2d2a1a1ba9bcbcf0c1278ded541e305bd5a,False
0x2b68ead18db86cd6130df53c4b6c3c77332a3351,False
0xdadc9459c36b345e2e2007d2d2746f44a0b3b2df,False
0x1d10bb97bd9baebe98a09c6eaeb03c16467e2c73,False
0x5f0944e0eb92f7dfff7974f8b848b5312c65ac37,False
0x94ec3b2489b25a794520f1cf5e153a193c292539,False
0x9fbde5c6d91908e38364c1a7e668c61c38aa9b22,False
0xc56ec315db551315ed9857019fdb4c639ed9fd8c,False
0x000dd0b1528a396c6ea2e09796a7b4a534e9e37b,False
0x946fee835b6d520c0107e12fbdb04c7ef7b07f76,False
0x2a66392317698c5818df7a72a58556049f0ae6f2,False
0x7c81087310a228470db28c1068f0663d6bf88679,False
0x481efdd010433ded1a931b557e4fe63b7b897964,False
0xb699853be792ce85a4fab963e772648f6dd28315,False
0x4d3138931437dcc356ca511ac812e14ba8199fd6,False
0xb34daaf8832432e5619efcf8262a4f5ecfd1384a,False
0xde68ad8502874a7d5dd1758f7b0a7831f142b78a,False
0xcb37b0027858796ce60ecce4b54c45afdff02aca,False
0x1ee312a6d5fe7b4b8c25f0a32fca6391209ebebf,False
0x0cc203c19813284ae16143db2f630073997b0849,False
0xb1bbeea2da2905e6b0a30203aef55c399c53d042,False
0xb675215090ba998d5e9874c649e5afa093058c00,False
0xdc2b82bc1106c9c5286e59344896fb0ceb932f53,False
0x6028eb8adda090cdf08fb5dfbe873081fd736867,False
0xf22fdd2be7c6da9788e4941a6ffc78ca99d7b15c,False
0xda3706c9a099077e6bc389d1baf918565212a54d,False
0xffd93009c71a3144c62ed9d1f5aa84e8b08e49c4,False
0xc76225124f3caab07f609b1d147a31de43926cd6,False
0xd056de1794ffa0527a87171a7bc34cbd5fccce76,False
0x3df70e5b6edead5277590d3de5731d17f46e043b,False
0x2c814e0346672ce6813f7e1eaf944be8703ec10f,False
0x37ac54dc7dd237eecfd0b61efdd57b15fe158be0,False
0x483778fefb36bb9b8669ea8d010058fbee07dde2,False
0x80ddbeeb05788980caa0b1b433b40d4443f4439e,False
0x49492de97028992a2d1f056a62ae98840aa85306,False
0xcab335e1964363e48a790da303b74ec02d3f8fb2,False
0xa71d014ffc0d2aff34d1fe1672dcdef6ec00af66,False
0x51fe8e8fa3f9f10288fa8c2aff1400f887d21c42,False
0x38fb5eb157c388406d80ce5277a0a7917145572c,False
0x95251f98c45e283cd40aa7b42eee1c0a599c4d1d,False
0x82d6b30bff73c6363d024cbc2f44d1cbbee5972e,False
0x7aacf9e1e3f8e01d991628485e30a6641fcd8d81,False
0x96f87f02ca861d55a0af0d70e3a3aadef134e5ba,False
0xebd54ad6c1d4b079bdc20ecf36dd29d1d76c9977,False
0xe254ceb806592ccc9490663457d45d2f36a843ac,False
0x68a2b39b501ddd658e47f64fc0ee94a7a5c0ce0c,False
0xddf82a683e9af51f48c6b9114b5e0cc220bac52d,False
0xc2de17008677606259569e5fc4eba1e60914a6d6,False
0xb3f39c3108cd45e1112d8bc9ae3cd5a110a7cebd,False
0x05f04f112a286c4c551897fb19ed2300272656c8,False
0xed247449a7ca06db5b27b44b2c092f0b48bbdb77,False
0x8fd587b5ea5abd65ad3439d9e58c63222866baa9,False
0x0f95e6627923848a08232b5fca813c0fb86042b8,False
0x7c742868b11be60d1fbefbebccd153df8472967b,False
0x3bf862093cbb6412b6ee498f4d652bba005aa7f3,False
0x9c5999653f44672336c2ef0a0008587fa8b9957e,False
0xd0fbb87e47da9987d345dbdf3a34d4266cf5ebe9,False
0x336ef4e633b1117dca08c1a57f4139c62c32c935,False
0x816fd2c7f531d1d1294cce29a1be28ee6911f3d3,False
0x5201523c0ad5ba792c40ce5aff7df2d1a721bbf8,False
0xcc290a463aa1c2afd36990f1eec40b734c3bf3f3,False
0x5b272ce3e225b019a3fbd968206824b24c674344,False
0xc8ca3c0f011fe42c48258ecbbf5d94c51f141c17,False
0xcd4a2f72e3d646e8addab74a68c2175d6a36b0e3,False
0x5fc0f870a71a5911fad3bd33a165f87414b743f4,False
0xe2aab7232a9545f29112f9e6441661fd6eeb0a5d,False
0x7d611e4cf1c7b94561c4caa5602f329d108336e3,False
0xdb4f0e1f537ed1d4bc4714367dec1e2417f35592,False
0x9c18a2f9545112ab2fcbdd228536562406a53232,False
0x6d76f7d16ca40dd13e52df3e1615318f763c0241,False
0x91204649a5c9ab2cadfc2089fd22ed0fbfe170ed,False
0x2a406fff128bd21155a70d056b9ec7319f692af1,False
0xae2d4004241254aed3f93873604d39883c8259f0,False
0x52f6b5b9dd16a0c39d9d23c29f7486fff0147bdc,False
0x3663f65ae500cec33ae54468741e5c10a30d1d1e,False
0x306eeaff376a128514e40b4846e1650d9ba7ae43,False
0x1ec9b867b701c1e5ce9a6567ecc4b71838497c27,False
0x2b68e9b9984e2f68ffc8fe450b896147dc27206f,False
0xa76a9baa3cc9dacd86852bea6c4ae8c63e70c4a4,False
0x8a02d0c1441213cade6aa65c13369c081ddad539,False
0x1cc4a4bb86161f409248217027e2a509aabb43c5,False
0x05be6820730b30086d6355c44c424230aaff41fb,False
0xf67041c54a76a071d340dfa7390ae8ef17471f0a,False
0x06ad23978f67ae8cc76c54b74993b31a816bac2b,False
0xac336936f2f0c2ab0c8dece3a027445323e8a244,False
0x102ab7b32f346699c0cefa88c3563c3efd775650,False
0x718dd8b743ea19d71bdb4cb48bb984b73a65ce06,False
0xfd25539b930279886e7a5bbb0bcf84dc42cac80a,False
0xc12c4c3e0008b838f75189bfb39283467cf6e5b3,False
0x162cb3a005c81dbd61f85b6a8c609189c026735c,False
0x3d716c4e7f0aa26fe11b5d9dc4a3ca7dc02d1260,False
0x0120b5473cc9b28321a8f6e712cb5b4d2df32b31,False
0x4b743fda1996e21f84a6cc66bbbd3e665fcc2279,False
0xdbb9f25705e66385efdd92e333d3bbb3fce13bc2,False
0xdd4c0407aa6ef76937500a18726d0acb5f72aec1,False
0xa21ece44cc5dac03e3805362bd3f68f22a49ea1e,False
0xa24501a910e7930148445bcf1fb601a4304e4551,False
0xf0644757918d29e5a9b9ca62d8a4d599ab9f5109,False
0x77bbc2b409c2c75e4999e8e3eb8309efff37cf2d,False
0x82cb2d43db6916b8a4821aabf18352456fc64362,False
0x70ec2fa6eccf4010eaf572d1c1a7bcbc72dec983,False
0x55f12659aa9fd000046467ce21f54a6f7cda8aaa,False
0xbaa48ef52fe0cf3a2682c1247b18d4274a988132,False
0xde5b7ff5b10cc5f8c95a2e2b643e3abf5179c987,False
0x461d46caa0ffa91bf76c11938105744f74f1e016,False
0x632cc91c6883f88120eb460f0e3058b8f704288f,False
0xd309ad5d0e98600c8376248610adb74230733f2e,False
0x4a3fbad5ce3f23a7594f462b0970e46b0ef9cf13,False
0x781ce9a6808503261ab27973f3a34dd9f851a6fc,False
0xd6f3768e62ef92a9798e5a8cedd2b78907cecef9,False
0x2bd968126832c0f12aded85959eb89accd38d57d,False
0x8588f0c49849c011d5b5e3318bb0d1fb8534266b,False
0x5239873c892376799b6cb49a3cfb1146d4a260b8,False
0xde2e46992bd4f86471b52f21dac2d7c9f6deac26,False
0xc4a8c243d8cf7891d6282bb293e7a0aa4ef1ae51,False
0xc666db9ef5c4190e43c1e11f21307da5a9b1f25e,False
0xfa5562729fdc3ed3a52c3aab2e12bd504fd24991,False
0x182885767135add68f669b59969ff395c416d5d8,False
0x36938d1419b717c97ebdb273702806ca73f89a4c,False
0xb1562400feaa849c363127bb847693cca05c1080,False
0x6b4d0ee78bd3134fba566e84b63571ef15418627,False
0x90c8be3901d5bbc4f88ab70203c8c514921e1150,False
0x6aeebc2f5c979fd5c4361c2d288e55ac6b7e39bb,False
0x9db640e18390d2408c71e9927d8518c79d5569c6,False
0x643b47d668f7bd78e0eeaa574b0d185c46ef079c,False
0x92dbb765f587f6e16c07c799e0db6a1f3af498b8,False
0xfca090c1868004bec9c91f53db013288dc21c55b,False
0x89751f5258baf36b8a588169c041e0ac06f53175,False
0x478893fcbfffc3283fece2a216229e1c34093980,False
0xfe17ab3f63038b3b5bc400d6691b2f4d50a33bf0,False
0xab3b031512a08c85d52c6e7c4f50170f01bf19e8,False
0xcfb2e3fd46ba5e52af6bacbd63f0848696d674f3,False
0x503eb6c0fa94d0ccb162a533ed4e5ff4aa8a1ae6,False
0xc4b4a13d59048e33b1f77bcfc9ac6f94c68b6519,False
0xd8a07e9fe071106bf29536b93e8c9a26527af787,False
0x5229e688ef8e199c74e88e828e1519853d38a192,False
0x1a8be918a10def715ac249d4f8e1da992fb99328,False
0x9b8d2834ba1b3c31688e084ce9792baa0ca2e2f7,False
0x6ea26aa8c7e824b1a65632f9fdc39ab083fd75eb,False
0x4802ceb046ef35af802aa1be75eeacb4ec2a9bad,False
0xc0bf97bffa94a50502265c579a3b7086d081664b,False
0xac081510084e5c2b857409273b0acc69a12d9a38,False
0x0a86421ee3a48fa6a2e1b7775860b39d96e1453a,False
0x83054b25b21d1f3a2b96e8e3803dbd4921358d52,False
0x0ff6c9cb0755d45d237813dfd76928e54a2c1001,False
0xa9bd7eef0c7affbdbdae92105712e9ff8b06ed49,False
0x234ef45737ce6cfa4fcc55d961435c4d59fd9fdb,False
0x1c29181af7de928d44ec44f025ff1a6ac84e407e,False
0xc6447cca7804a0b20b540977b299d2845e854c22,False
0x256572766dfbe1c84afbe8bfac14bc3f6192d754,False
0xa03154bfb9a750b944b5f8de7a744a34ac6dd16d,False
0x4d96369002fc5b9687ee924d458a7e5baa5df34e,False
0x0bc4428491010dfeaa97e48c70bf4940fa783b40,False
0x38a94c4f4d9400643f0fb97198f90c93986f018e,False
0x4acdb58fd79556cd276a08ec2e599d48a1ac6290,False
0xb8db28214a7edca75cf5000dde10fe84ebb06c53,False
0x4bd66f75f73c6d8ac14064537eb32cc420c7afbe,False
0xe41e01a3231c0f19bacb9baee26a8554e0796391,False
0xc906ae9d94ded5732a2e866699a288f9ec96d5b8,False
0xf3f4dfd1b442c2baa4ef9d4d4cd4a4494ecfd845,False
0x541e55d40d001ca062ea0366afce05848eb7194c,False
0xc465c0a16228ef6fe1bf29c04fdb04bb797fd537,False
0x1a1fe6f955b6567a75dddec526320a4a1a214fa9,False
0x2e2728e8c24d078c4a7c7da12cdfa94affc36d22,False
0xe965c12b851c30256bdc2f94ccd9dc4f0a0bc581,False
0x42ea914804ae8915500a4047136966465751afdd,False
0x360686d848aaf42f9dc834ad786f4afc7226ac1d,False
0x53455f3b566d6968e9282d982dd1e038e78033ac,False
0x5355165041fa4ad8f6cdd6e316297714e0bf7ce8,False
0x2932648f1e3a49f48eb31e77b3cf9583b1716040,False
0x237cf2e759a3ede62821e6bfe737e6a00658acb8,False
0x9553c7f43c0ffe1f20bdf5cb3ad23484850983a9,False
0xba4d372520ca53a8f1a08ea6394d9717267827de,False
0xd9159376499936868a5b061a4633481131e70732,False
0x3aeee5ba053ef8406420dbc5801fc95ec57b0e0a,False
0xd8f8885f659f5da5cbf1d68a5d03eaf5785aceec,False
0xb983499b7d2f2569a7399048bbd72ca65e4e44e2,False
0x2b6a25f7c54f43c71c743e627f5663232586c39f,False
0x3571e7f516edb1d283d74d2bb56525c9ff059d63,False
0xb8172076ceb35b6701f96eb9088818efc010bd44,False
0xb65774b723c0ba4898251722161fc206239b917a,False
0x58aeaad0c42edc57733aa9af4e6fb2bc61e56aff,False
0xc139d8450177c0b8c3788608518687b585f7ae5a,False
0x1b3da661651fda796870685fddbf4723a9f80b3d,False
0xd8901e4b3681955635c9b41b144828629d59d739,False
0x98d266c51fc3c0a0b5a285c481d40b689d18e6f1,False
0xbdfe29d9e42ea541c581eef6cf3a2bb27b51e2c4,False
0x9e58e2bb1873eea24317964370b43617ae59a506,False
0x1cd2b203b17970425ef789f279620d65fcfc0bda,False
0x2d97755d2d18a77ef9ead977dd0c3ca7c840d5fc,False
0x486792bcdb13f8aacf85288d98850fa2804f95c7,False
0xa8eeef45b04c58a7bfe1c5819afc21b20c06db9c,False
0x0e0a03e226db977ca37f883912cbe39ccd2c43f2,False
0xe4f8f3cb9b33247789e4984a457bb69a1a621df3,False
0x611abc072ee91c0cc19ffef97ac7e69a1a7a17ec,False
0x18f238a96392a8fabb87065b5129dd00192e6cb1,False
0x4d184bf6f805ee839517164d301f0c4e5d25c374,False
0x9e79ccaacaaa5dbb6714eea8fdfd6496c9618f40,False
0x2999528824a1a839d9af5cfead053236be675984,False
0x6fbf081e93b775c0270767fe821d9c951e593a9f,False
0xc4cd6c463240b051a47ddf43e1a3b94299f55923,False
0xdec87f2f3e7a936b08ebd7b2371ab12cc8b68340,False
0x3a417de058cee3640b3fa83f0778e0daaa7bc76e,False
0x70a5505276f5e60055c1f531f16a7e394a3ca4ee,False
0x291b52bfa5a712d61bea29aad44635ace274122c,False
0x8d9a7c5170af4249c37c489339da0fed0f7c7f5f,False
0xb2fb04a19a4fa77eb946f6a51ae9e2641475ee65,False
0x213b02e31fd17d631e1d7207ce5957552990008a,False
0x633dcd0024036f917ffd3554dc68174cd4a9b9fa,False
0x4186ce0b588a44560f161cf5b3c33fa4b0bad170,False
0xdc3f6f4c00b55f56d5ef6293b762c6483af24a82,False
0x4fd2cb2677f8515a10151a008a79d4aadfaea357,False
0xffe8df2f623bfd954d785809185beb291330c70d,False
0xc5ed7350e0fb3f780c756ba7d5d8539dc242a414,False
0x7e97e27c6df50add321a7e4c47a87e73626989c3,False
0x43c85a173ae87eca25c2705f0bb3892656ed4163,False
0x0b449fb9075b93552b153dc69171de679c516ad2,False
0x8382aeab50c5d60e06cf3b68a51cd88c39a061c6,False
0x5397d87eb8ddd36f631b704653a3ab2bf1739467,False
0x81a460ea6fd96a73d5672f1f4aa684697d4b44cc,False
0xb1549513ff77be9603da67970c216d65f98ebef8,False
0x6e8abba440a58421f5eec9892b19c1a72c55c992,False
0xd006f2de9423090359ab04d5858a981161ce9062,False
0x30e851c5d4ecc35451a04b3af91bef5c49b10c12,False
0xee802b312a957e00dd7bbc08eec8bb93d40e981d,False
0xeff2dbe03e67ee5e5a6b645cb61a1c0dcfd890d9,False
0x9a98c0018b6e94bf43b5c7c06344a8011723571b,False
0xd2ce84de055ccb4ea93fc7ec7c9c0d0244ec4664,False
0x670c0f67a4dc05b6d482c3ddaf0bcb8a20cdc304,False
0x8223fbf5b8ba6ca616256359c78a57895781c66d,False
0xf1fe852fca1b5a869ef1fe06a2799e1f38b70b84,False
0x09e5f7afe7c694b38deaade1f61863ab4f2841a0,False
0x00aa1c57e894c4010fe44cb840ae56432d7ea1d1,False
0xd5f0d0a582510bb55b38391ed4c930bf928a9f49,False
0x54db24bcb701d99eb1d68dc09423bb6b23311c45,False
0x2a182e532a379cb2c7f1b34ce3f76f3f7d3596f7,False
0x4e0ea3a903592154a44ed814e06833b18a2bb2a6,False
0xed196f5f01e8c99ef4c6d77b83ccaf629032a8f2,False
0xf49144e61c05120f1b167e4b4f59cf0a5d77903f,False
0x5d8de161d1fd70b2c9dc8ec57e1af1f0423d4964,False
0x188270f9662b244862fe617990e065050767cd02,False
0xb6916bc20cae34de64af39b8534d1459d8bb4128,False
0x63ff582264aa89a1f870564985c0c871979a898e,False
0xd10122ef86ae040efee3f53f35d3247230ca670c,False
0x4a484145b3d7ac2669a943aea60f163f9ede91a0,False
0xca03a632afcc860b04579f332a565835a9dd22d4,False
0xddbe38090af04b146ab2d730c701d97290eb1050,False
0xdfea03ed1ec53116cd6ea45373cbb6e8823ef59d,False
0x2dc8d7d62cbc940aa72f17bae4e87076cba3d346,False
0x64c9cfa988bbe7b2df671af345bcf8fa904cebb8,False
0xa8ee276c847522be641445961008927f529e83eb,False
0x68688beb6f1eac7ea5041a367b0939b17931c17b,False
0x88205f7231733e444ea22e22bbb0f8690ecdc81b,False
0x46af8ac1b82f73db6aacc1645d40c56191ab787b,False
0x126d4fcb4040652bfb55f54b3b75a0d67ae6b94e,False
0xb9acb51416557ec55804d44eb3b11a819f11dd72,False
0x182885fa47b63c02d06a8d65db3bf3871be9f998,False
0xc8d8dd1ab377e66edcc9acf8a6b2fde0e87377bd,False
0x3e8e036ddfd310b0838d3cc881a9fa827778845d,False
0xc7060a4fa0ee0fe1a85376842f90ad70539f7291,False
0xd726e3b6858d81ab6ad5b7cbb7a62ea00c5c25bd,False
0xc555d55279023e732ccd32d812114caf5838fd46,False
0xd0404000cc9e895a761173e403c94b21855fd999,False
0x1e79d6529f271876d202cbb216b856165d862353,False
0x9345c3e50f31f18a68c5bd210cce6f2083ec6943,False
0x63a151d042dc870fb1b3f0c72cbbdd53a85898f6,False
0xd9236b835feb310099060159c4fae66bbcf2fa50,False
0x7cd1cbd5eacfdac9be46b109f068249902f2533f,False
0x1fbb048806e20fdd8f22d9fdc00bf74b6e89ee5d,False
0x4c6f01000c84f5539728263de5670dea7ebb9984,False
0x67324985b5014b36b960273353deb3d96f2f18c2,False
0x9cf1190d71f7c5fcaf2033ffa4b017b1b0591efd,False
0x0648f8e88dbeea37ae967e8621818785cc324140,False
0x09d1d767edf8fa23a64c51fa559e0688e526812f,False
0x208e2d6676db8924f011b8fa6dc6b63e5314e4e3,False
0x5b15637096a5b674668793b3996ae96e1c307b45,False
0x88a3a913626803261de234c23c76523699caed8d,False
0x5694a92a69775a010e65d610d78b9eaf950c897e,False
0x9b7dad79fc16106b47a3dab791f389c167e15eb0,False
0x8d9f34af8d66ab7a84ce1241426510dfecea868f,False
0xa09bf4eb55ffa357f135ac9dede0def43b84f05b,False
0x3a0ef60e803aae8e94f741e7f61c7cbe9501e569,False
0xc6e40537215c1e041616478d8cfe312b1847b997,False
0xfdc650aac7faa54be1b33cd161a9242aaf62c42d,False
0x0bc81dcfd28cc1fab2c8b854368d524112f01bda,False
0x843a4e193f4a051309ad66a03b740e67872cf742,False
0x2325e3f261cadb1c30cebf66c9f95f6fb016c0d4,False
0xd3a9a2ebd567030bb1f1c3fb21a4a203d51c246b,False
0x198a62268f29d72634b634f80def70c156215485,False
0x9af2bfb7117d24eb97961ce6f747cd0c80482606,False
0xc09bf2b1bc8725903c509e8caeef9190857215a8,False
0x778dcaa27e9c669a71c462b724a4e97fc4f1bcc5,False
0x6e68fae720d991c6706cb8b618d0ee8941845896,False
0xae8138208a426bd5a62b0349d66a13c6df4fef87,False
0x11c20a3b83ff206e4ab6b5935d766564925b8b2b,False
0x48200057593487b93311b03c845afda306a90e2a,False
0x704ad8d95c12d7fea531738faa94402725acb035,False
0xc6c8f121f6b56896628a7b15c1fcde6d395b908a,False
0x66bf2cbc2bebb9d0f69843cf4c4d55bd7209a86e,False
0xd4dc9ec6d991fd653c93926c010354aae937096b,False
0x4103e658a8acab924a9a2d3750e6cf3fb932a186,False
0x55ea80ed480b1963834a570c856f765b6f732272,False
0x73d9bb012d3675e593dc4f5b72baf5dc5abbd71a,False
0x8fc4a1dfb765ce30739084eccac9cd3bd6230229,False
0x07d1435d754f8eb63d9604170a3d945f6c3d638a,False
0xaa9c5e0532cb32db629d924fe2d8da1e8ad3b8ac,False
0x2e73ff42886796a7673f863135e663335c951595,False
0x67167a6223763518485392b579d433a43cd94215,False
0x1e2faa511ae6305a16ff40f1f8a9adbca155ead9,False
0xcf8881317e60893478c8de14aae5a939f07d0cf9,False
0xb836969acaaa7ed9505d650aaea16d07488fe6c0,False
0x6682ac593513cc0a6c25d0f3588e8fa4ff81104d,False
0x1cd160109f840a3736edda15299087b6faef795f,False
0x4f7168114504e527f97a3f5ac718f9479d9f7e70,False
0x05c024b441d2c288c2729b484bd4bcef3596aa51,False
0xac86903cdda380f20a06cc8a2dea7749f1558c68,False
0xf64af01a14c31164ff7381cf966df6f2b4cb349f,False
0x877193009a881359e80df3ded7c6e055be9cc144,False
0x9dd361cf608bcacdc21effd2273c60afe2df3637,False
0x9eb467ebf34912451227bbfe3288524aadd02198,False
0x8580a7b63d48190775c7ceb13eda5dd4cc01a6e2,False
0xe2f70f9cd753fc5343bc01d454543048aeedc17e,False
0x4360658e680026e4c636e8be0f7d0b9f976c46f0,False
0x20790842e3b690bda633c8fa531167dae8547a2e,False
0x49beceab926b596db91512d4046131f01d3df9af,False
0x41f11282fb5330700a6c8a67dd2c7ebb9b8adfa5,False
0x94a0ae2b443f9c0ca0fc6ae8a653a5c4e934b92e,False
0x3d7170b723ba9902101b0adb5366e1b2bb55cea2,False
0xeaabb2ee89221455302d9ffb5325689ff8f0c37b,False
0xc8357c4ef5660ecddb5683d7a38551c21aac9a41,False
0xb54ce26f2e30f64c5b684b141311ce138ab5e00e,False
0x332a344ea889329b366d14485dbd46628fb91c3c,False
0xc92b5537946d3d2aaea467d6c46ecf50ec6a8118,False
0xd828a44f6ab69ced36b0d6501a5631daaa328ba6,False
0x3d01610ba160f3b42eaf32e52d8403e58ee7af98,False
0xcf83ee741dfcf03935427d884f64edd13203c75d,False
0x71fdecb07f03050322dcaf24c0feb40a4493f7aa,False
0x720ae15bd5bcefe69bdf1746995626dfce5559ef,False
0x55d5c232d921b9eaa6b37b5845e439acd04b4dba,False
0xee597f571c65c5abfa56a8128c4b7bb7fb31ebc6,False
0x403dc82bb33885eaa5af37e5f137f4215f430937,False
0x731a5948bfa84a7a40d2fd3c263b75d09cf14de1,False
0x1d2da52c7bdc4d656e9478ec9ceb844b9322276e,False
0x14cc4b7e2e0c770a248374d169a2a01f69a6dc72,False
0x3016a43b482d0480460f6625115bd372fe90c6bf,False
0x4e4442e59b98d60ba816489e307b853a38185fad,False
0x47082a75bc16313ef92cfaca1feb885659c3c9b5,False
0xb7a86c60d4c295516010a6a868f042ade96bfbf5,False
0xfd181f95386a59daa870e0e702ce4791e51a2e29,False
0x1399448affd2721ed537a349d0a09f466ff4764b,False
0xa60fa9a27232cd73a591372d72ecbbbf7e9e0711,False
0x15f32fbf112da08b37ec15499c34bcef68a8c5aa,False
0xe05e33249310a13e9bafac1f3886b7a08d351ea7,False
0xcb80d665905f39f128ce1c279ebefb7f1528e437,False
0xe5a7ab09e68b2cd335e2bc39e9591b42d29c3115,False
0x61d7351ae9f460660ac62c69e3de03d3af0d0d99,False
0x3415e25b637686bbece1d0f798934772101486f6,False
0x0e4c6715ac7bc80a93f47bbf92281a88ad729c1e,False
0x928b4d0d41897eef745279932f0565fc2fab8cc8,False
0xeb1b2622e07bcf5362b6f735e182e54e9bc75ba8,False
0xbaafed32ec23b8e206820181318c0750cd194a5c,False
0xfe7956987a2c5ac0650b27d83e1d46ac83d29265,False
0x3c62d796e6474b0dcac1d786ca87fe1a40b6995a,False
0x281b52e07289e2e57bbfb04b60e4d6c642797dd4,False
0x31f8978879c824ea73ae972e46046f90aecc38a9,False
0xb41e4e74c8bef3bae8b30fce3ebb822f824cd0df,False
0xf7bb3cbe60e63bb3d5dc40fb48f1857b40660b2f,False
0xb77c2290c5e5acd8ca4778876b3caae593741bab,False
0xfe73c784d047ff1bfc06230d6001ddc9ff1f59bb,False
0x0c0c910c530246b55b517cdf2f2199b8a9193a80,False
0xd0638b91bc6b301a0eef5a109ed11cb30ed13bce,False
0x2f85e11f6f12ead6af643f083a34e001030d2a6f,False
0x7463286a379f6f128058bb92b355e3d6e8bdb219,False
0x4de01f8b87683d22216f412359c29de634a77367,False
0x927db9797dc13106d6b744de226765e0c0741086,False
0x60f6e2200bfef8b4d120028faff4d9a4486526f4,False
0x79dd15ad871b0fe18040a52f951d757ef88cfe72,False
0xc8bbfdc2012f8e303dee741ef4eed49b48b45a96,False
0xbeda23eee41163f686ca875f0974e789362fded5,False
0xc2dc53d783992da8bf30b2930be63be0c7532421,False
0xdfdc7baa7e9fa5c491fd2b453c4bc54249323406,False
0xb98afac8f927fc99b058db87c31e87af32373ed2,False
0x68e78497a7b0db7718ccc833c164a18d8e626816,False
0x28e959bae10035bd0867f2baee938223bf75557b,False
0x8407b9a9e61101e73fb427c3740c89e10da93d12,False
0xd1e606be11b3bca2a1ec974e6bd3e110f3b131b6,False
0x7c7ca79e0cdc2dbdedd8bd1f527414a0ff1d15c9,False
0xf13caa8e1e269fdd15ca1ff90d1f2253548cfb3d,False
0xccb63225a7b19dcf66717e4d40c9a72b39331d61,False
0xf5243921614986ab46fb963ec3fe8c4d9edba2ee,False
0x61b424649744b985f862c1790a769e03c02ffcdf,False
0x4ee363e383068961a36547d89eb3df38c87f7a4b,False
0x78359500f08157eac9ef566040242abca8f4d9ab,False
0x4759d2673a19bf4ede233b4167ad9bff1ac6f2e2,False
0x460b1cfb76a34d51f8ca8886371ef78e3f2b6b84,False
0x7111b2b0056c377fde2a17ac4760303adbf6498a,False
0xf29450019834d7874b4e306275c4334326ac27f1,False
0x0a24e4937e00d94124fde1471ece2d5fb251e1e5,False
0xc1669eadaa79a35e1c74ddae72a15bf9712200e0,False
0x94de6945a51bd3a734de3ddb197864adef6e05f4,False
0xc6c8750b463b467de404b2862bd98ababf22b20c,False
0x8d43dc18c76b2ed3366d7185ab1a9335be3ecf34,False
0x6fa73848cfd2c7460a538b55e882c6f4e8aff68c,False
0xc5a643f4febb6085722ff0e2e0a4614d63618f64,False
0x65a3209f9e962858b51edf3a54ad18af67e57962,False
0xebd754bbbf9b4b6ea9535bd041044e8e5aacc498,False
0x950bf51bb0d3753d6858749d9a02ace560446f99,False
0x98d677887af8a699be38ef6276f4cd84aca29d74,False
0x83a40563a19c6f19dfb93e5c496280129d97e423,False
0x336951856427f758cef09e9f9194d1a84d417444,False
0x46dcb97e7c485ba9d541008e3750803769ad620a,False
0x8616b44b734817a2c954016a57cf2c4d72d6f838,False
0x6964583d59707d7882a30b5b5e00fa29e087ec74,False
0xd460414c7d3ae8210f56d629b10e3c9aa46967f7,False
0x4ce0f761a07680cd70a16d0d96fb80cc686a9ab3,False
0x86ae1c628faaddd90b272bd5e45af557f324e1d4,False
0x0612f7b15779ca6ddbe927f92d6c4144fbae1485,False
0xeb4770eea58fefab132663b852a8b7a35a843c71,False
0x790aaa43d71c05ec521a66a529069ae9733a6735,False
0xef608e068dce22c230081dc98a6ded0103f47335,False
0xc433e27c2b7a77e4021524a90354b9922c825335,False
0x47270ca9a3cdf198d26a847b577e9bbdd96a082a,False
0x09062ce4f20aac71f8074ac6cf8e6968abd4d03e,False
0xe2dde04cfa1a8d3a784ca33ddab80e01f090b73e,False
0xf464dca6c58bdebe8f01b80de3d50023a862bbc9,False
0x4f1a2ea0c27f8fb01ebdeeecb1f09ee9187df191,False
0xb338f70d74d98386666106cdae961a5c8296c770,False
0x4fc6d57b46dc9c00e43040471b624ac8477b04df,False
0x24e20c4bab903f07f8baee0a99c2055ed9fc70ca,False
0x9e5f2b740e52c239da457109bcced1f2bb40da5b,False
0x9eb51eb22813ee077e7ef4739a68d8e0b8e67cc6,False
0x2be069675a1c81d909549e4b7bb5e2912a3004e2,False
0x0f641efbeff4be14762a276d4d3744ce40526653,False
0x0ae8d75e6168420a7d52a791c2465b43307408b4,False
0x6ef2445ce0aef470c5ace507516e50c0a77e3802,False
0x14b6154bcbf537368af932901456a7feb57cbe5a,False
0x90fc780e2a7add0ef532cb33d2b733ba2fa6277a,False
0xf463a467667236aec0c46a5bf7b08a99115d5db5,False
0x25752db4c322fb373723cb4790b8646c905b2059,False
0x1a0d2c9314909837119baeff8f6402d709cfe9ae,False
0xce407cd7b95b39d3b4d53065e711e713dd5c5999,False
0xd507d8965993ae5ca296d1102933479a20c622bb,False
0x1a67c5a7eee3cfc4a3cfa2b5f9677d751f39919f,False
0xa2672a414c79677162ef9df73b2352dac4dded65,False
0x4acfb448c585f6e1e8f2ab2bd415f399bd1b8e09,False
0x898fcb7b4e3bee37ebb0ca3a3fbd08cefdc8c995,False
0x450a136224734a05a494323be8623ef668f74c0e,False
0x0bb3b6d8d7374339f36b1571b5e33fe04ac95d8e,False
0x960f48afa042146444d4e3253afd8e693e865ed7,False
0x35571c4d676cb65840d04881d234957890dfa8cf,False
0xb0cfc8233c3e40a44d1da530b33a387640089f8d,False
0xaedb115872b041c1e0feab1fb58d766d356ba986,False
0x06fac8c6785976a793339b10433e2fb66e58ff25,False
0xa1ccd2a8fd5f1ccd5fc5ede255f4d53ec8004489,False
0x14245324729845be4cf640d0d592223866258946,False
0xdeba8fd61c1c87b6321a501ebb19e61e610421bf,False
0xf80937d29dc46476e285f05f4f241b0bf795fff7,False
0x6490828bd87be38279a36f029f3b9af8b4e14b49,False
0xe14c4774cded628fe969dad24103e4977d7c2d3e,False
0x41b3308c4dfbca2d4d35037bb7405c5e51284203,False
0x2b942b83d1aa69a50e1f8b34a4ec0e381955c925,False
0x4cbcff3e46a106793a972ea7051dfd028f34517a,False
0x29a512b5947b5b36bcd3f294822cc3ff4fe2ab73,False
0xc814faacd12f808399c6188b72793562b8686c1c,False
0x46935c227740ca9d879897238d6df5129eb35151,False
0xae70ae3d5197729bd1be63415d40ab251a89ebeb,False
0xcd9cbf2e2af29923384a3463cbcbb5e2d7f6a3ef,False
0xa07674a55c6278244cc2113fbc9d1769b6dfca48,False
0xdcee85025f6eb31a5b0b848e2580261f4d55124b,False
0xe6da0cbaedc5e1d0490ec2cda283b8d7f007319e,False
0xa43e08849656a67f376bce56d4be24a324cb8476,False
0x530433ee503a05c5dfc9ccac7740df230ee3adbd,False
0x39d7a3486d13afd8c2b57b89eda3fef627b82000,False
0xdf9c99bf301e4c512c4a6643e3fde550d8d14344,False
0xc251d9a87ea531158daf68366284d8f347f69744,False
0xd07d430db20d2d7e0c4c11759256adbcc355b20c,False
0xae65deb03bb02e7a66fb76ff9349968e185bbc38,False
0x70795b2e2979e64babea07b57a0c2c3ce2cf7a6b,False
0x6060ad7b2abb5716adc82c669353e5c5f3b9fb4d,False
0xad7e7d9c3f7f4f42befa6540e84a8d2be659c2a6,False
0x74ac706873c399dfc73a4679b1e1fbf474c306e1,False
0x153f2044feace1eb377c6e1cf644d12677bd86fd,False
0xb12b884cae67c38602d076c8ff822cd8989aa223,False
0xfe8fd9909e94f1454e6cb47d61643ad634d3d846,False
0xf91c12dae1313d0be5d7a27aa559b1171cc1eac5,False
0x91c40d69e2f957adc48adeaa541ee4a099832367,False
0xfb3906df4b247e24b082ef4f75a0b0f8fcfb3690,False
0x9faf487c5acaf26e157f45eba5100b005b2824fe,False
0x95d9e85a31ed4cfba8421488d295a25bc76b473f,False
0xa6890ac41e3a99a427bef68398bf06119fb5e211,False
0x048d3180ecf61b82f47078f6ebb3298326d70431,False
0x30c8bab0cee4379012ac8ec185c3131b2e9ae18b,False
0x5238b47a0acd39fb4049a48658e6fc32307492ed,False
0xc8f03fdc7b685357f78230814da6944c71c874e4,False
0x55d88da1d9debd29a2def2949c9ac5c9011ea0b1,False
0x7bdb64fb70adb01c7bbfed98e4def7df70c8318b,False
0x3beeab9d5624e487045e01d12332975204a04a8a,False
0x6a63db5bb12f58cdb1fd95095c64642ce957dfd4,False
0xfad44dc24d07ef9be576d562b994f19578d441b8,False
0x27920a817865fe0594a1561f7cc87e269fa2bcfe,False
0x08ca99d76a2064fd43ed1c1e97470a35ae276538,False
0x78c914284fe1dbb65ebecfa20d6d28c3565e2fdf,False
0x1ab72a7343b959656208a640dbe75c422ec302cc,False
0x6f1d9f3ac86eef34d1e3586208b1a6e619d915c3,False
0xe1dabc245e75d7925a42e0143b52f9843546e25d,False
0x367e2d443988e4b222fbfdafdb35eeb7dda9fbb7,False
0xdac5dee5ff8998cbb08a79c7143a6793f774ad78,False
0xf879ada5643d19704661020ec4bfe5ff871e62f9,False
0xb19e10d56752c80d6307529a0b6bbe529924dba2,False
0x21b8065d10f73ee2e260e5b47d3344d3ced7596e,False
0xc45f24279198b79cf7e9a508429006734b2a4ad0,False
0xe0a97733f90d089df8eee74a8723d96196fc4931,False
0xbf88870abb9b885b8cd84b5988212591c4560bcd,False
0xa2fdb9b10af2d62d4baba5f165b781794428f385,False
0xef5af046047e6553a9c052199f3b44cd4dbff4f0,False
0x623ac7e26c774dbc646e0d4ac12110567cef579f,False
0x88db1dfeaedf8d08bbb7edfd92a591984a9fa4b9,False
0x839e2d728bfead41fc642a0ec4132b33ebb09d11,False
0xc364ecf5a501983fe1deaa490d9d056397a0fbb0,False
0xf794e9d88a0eca089929ec8a7ce07735a9d8b0eb,False
0x060ec9fb5444ef7d9a2c6546d7093507082c6409,False
0x94749e8ae30bc2aa5e127f868409e871f310c10b,False
0x0a965a4caf929338044c593d82d385c4c898d8c6,False
0xc3a03b77c9fe02b123b749b1e9b62e22c4746a12,False
0x68a5ff743041e533034071b2a0f34d771b13352a,False
0xfedd9bc3afb9a53d8d4aa2eccfbf5904e26f7f7a,False
0x2947dc50cc24cc55afbf22807a49cc302d65568c,False
0x4ef72ba4660639ab3a27e19182b889c9ff421de2,False
0x45feeb2738020eb69974ecb8a9dd6fcfeb478a70,False
0x844a5ccdc91e604f55085adfc02e4d52c8227099,False
0xb777d386a9f6bf14ff85d92b27dc70209141e787,False
0xc3be40243ba58d816769361658d844119756f088,False
0x8343cbfe85c3cadf76c76d15b87e18e89435fe4e,False
0x27a675e56eaa82d012c453c5f4de2dc10dd4b850,False
0x1a96946d4a6d9aef983c9bf7e2d2c67e317ed243,False
0x460ab64c20c74e4249557af686e954556d675644,False
0xc5ea9262becc6e626875b6afa40e2815c4d8253c,False
0xa32f2cb7787696e75ffabeb6ebf88bdf72e65efe,False
0x0037830245f5dd5ff4d158101309ba3ad3639783,False
0x9c2b19dbdfad3f283c0b96c5546d91a275778d91,False
0x241119ed19043e432e2480ec93b5209ba178eb2d,False
0x386ebe0fd5573a83fa7b31983bfbf3572be558e6,False
0xb961e90b10608cff90a76557a2e02e007fe2b062,False
0x2308b672ce1ecd4fcc5f5479a5dbe56a54db17dd,False
0x4329412f58161141eb3d86c5c9a406d99020b518,False
0x4d3c5db2c68f6859e0cd05d080979f597dd64bff,False
0x9b577e849b128ee1a69144b218e809b8bb98c35d,False
0x93d05fc2ee280971aaccf0f34f58f04d1cbec42b,False
0xe7b0c13adb5ab3323d07734a469709b05d15a762,False
0x5458786a39fa6082439b2757568b59ec1e516569,False
0x08c181a583dd5e0be2eea021747f3a663eabb976,False
0xc20e1f914a7d1626c8b1371c37b2e812c7530dc0,False
0xa3aa42c0ca8d37896b771b7e329cd917b5e00f4c,False
0xfcdae85317be9d0239cf11f99f3b7980925ee089,False
0xcbe7974d419860bdf0b767b3cec530b42e715779,False
0x2efb41febb762db1fd14bb555e36f88b791df84a,False
0xf4eae3218778510cc1d07ed22338d6d8df2adaf1,False
0xd1e3e495a2346943012faba8dd3b47fee76f8ee1,False
0xcd09b73dfeb14233fde9a473878d28cdaf2aa4ed,False
0x8cf387195ea4fd039f596abfaed6af66e5be895b,False
0x8ae95096ddf32d0212a7e491f76e834a5ddb54fc,False
0x999901dd6470d2d5209f7e7fb53e76b724f647f4,False
0x28b66bad02593c8faafc919a591460ffb5b414e9,False
0xcd02a882804f3eb0f2d80f94a04defcea038359f,False
0x539b4dfcd1e4dc3153e59204004c2141f796f432,False
0x397973ba6e752943ea9146f88414d1f379fd427e,False
0x6139240a5907e4ce74673257c320ea366c521aea,False
0xd64224a4c2bed96c75df9517b2d77aebb13f0e37,False
0xa81f04a7ee2c16a20253df2d2e48ce1a64a6e0ed,False
0xd9fe79a0b8d00b0eeeca68dd802d7c9574f7ed25,False
0xf7ef5352de45a20d8c8565cd94a4bd6c8831f749,False
0x3a8afc58b70b34a0a5615d3a5ffe623ca1fa92b8,False
0x42c2b823b358ad7617ac2de094400c26fa437f97,False
0xf1e6a8401415b350d08accfab8aee04cb1548c1e,False
0xe224cf6068e394ff86db036a7918c95aa67df3f6,False
0xac9ae0eb05daee73bd964eaa0153b762d6455667,False
0x4711b010b9a3446bc94d00d464c89cd64d6234c7,False
0xb49d78203e9dca6e1dd758ba8ddadbf8fd29c263,False
0x0e8cc25eac180d68ff214bb9d4b2a043af764a28,False
0xbcad4e39da72a2dd1f79d2895ff9de851012a233,False
0x3af73bb96b335fc0fd2c4cf39ce95f3ff8c8de66,False
0x9faf7ad8711f6b87cfcf39c235b0a03ef4bdd7c2,False
0x6ffca04b61a69a10c8076e72c68036cf0222311f,False
0x6fbc3a46b9cac08e03080700218d2d23b539a1e6,False
0x80a5159cafaeadd229a9eee8c022cab847c0947c,False
0x21a7afa9f7e2d48bfa8e8f384d77f3b5c19a5add,False
0x190570d9a38df7988721d0cfc58c248679a6df3e,False
0x0b9f5cef1ee41f8cccaa8c3b4c922ab406c980cc,False
0x65b9ad105b95290bcde1ed91f2f6688232ad5782,False
0x4d83e2ca743afb63598e0dd6f7546af78bb73ada,False
0xa2bbbe7e2e48311830e41cb43814a821c4c2a16e,False
0x5ead5462e7d98308e64bfe3c1d76845e5d2794a1,False
0x04526524e70afb67b57777bc8ec1a0d3efa7d50c,False
0x9e7065ce7e029d6a6d4936091547921a8008c4d3,False
0x006ab11e89e7246cb8c0f7bdaa8c2713374b1676,False
0x64571ea88c809abeea5ddbeb7427ef37f87946d0,False
0xb92fe026bd8f5539079c06f4e44f88515e7304c9,False
0x4b82bca90fdab48491ac4a9131c8dbf8bdbeda8f,False
0x5fb71b76a6725a5021fed3766478199804c21da8,False
0xb042557907113327c1a1731555a94f3a321716b7,False
0x969af80a0841af1663bc2e623247f963c28b6698,False
0xbef860db27fc2f9668d13d624563d859c65a2b25,False
0x5f538e4a8d8c833aa9e7a926a99a3b415bb029ef,False
0x13c869bb9519353643269846ad6f96f59c1f4f3e,False
0x30361f9963adb6c05f15655cb77d2da90f34c2d7,False
0x8a964dd28bcdd42f45d77f594179a454d365cda8,False
0xffc8305f88ca38901bf1407567a5d0e17a9c680e,False
0x187094a90a0fc1f0cf51ef408cf88338a456561b,False
0x4b882b9c26b3b3afd13307b4ab79ea4ec35e878e,False
0x35b3216c21854b2f14e02045567f4f86eb844f09,False
0xc8c30029a358f4151d613e40a753b8f18e2c3481,False
0xcd577d34703dd57a56483e4394fda0fc2723675e,False
0xdf60e6416fcf8c955fddf01148753a911f7a5905,False
0x5ce6c939e6d640cca9d9c865adaa2b1e02c0a76c,False
0xb9bc827fb8f39d08e54ac50ca0bf3dbe1150d0be,False
0xc2f02caa6bcac59944912a1446365c4d9c16cc97,False
0x8ff2fd6f94cdce7c56bb11328eb9928c9483aa66,False
0xd6a347c998109ac87ccb323f78960c91bbe911cd,False
0x970660683ecf9fdef9537be27f5376aaae0b89eb,False
0xad0ca8ab2d68718c9ced3aec0d32b6f65a9f583b,False
0x4db2c7dd361379134140ffb9d85248e8498008e4,False
0x2515c6b737151bbd5c7826c04717b342ac44c1da,False
0x85cb0bab616fe88a89a35080516a8928f38b518b,False
0xa78b8f7d1f5090f08d6b5933faac687caa6c5493,False
0xd5dc4c90a400875770792f6e06c34355de868a89,False
0x7d7e813082ef6c143277c71786e5be626ec77b20,False
0x3bc9aaad1ade747304f458cb6d80036a54ff7fa6,False
0xe2e728dd183ae71a2d2f038d19497047ae07eb3a,False
0x7b8ac38aacd8ebca19b3d423bcbbd4c5815bab49,False
0x6d93d4b4c5aa9a68fe8b88124ec7d4cacc5a397e,False
0x5003fdfc747a0acf06266c54fe7285abbca14f25,False
0x7262a43c94258e6071d3bac00ebec6d7c9b4ef30,False
0x9f6facb42177f5af680f9f17cdf750bc7cf55973,False
0xf0d417fc9fb2f1b6efe51b39db7ed60117dcd2e6,False
0x4079e377f4e92330475da2b20b69b24fa0cebf51,False
0x3b7df5a35606d1f6886606fbb31dac4762f854c9,False
0xbebc3520759bf96f1fe400f792271c325eaa9c49,False
0xd561235046bb35e4ca93995ae39db2045af62b9a,False
0xe3550f8399c8622ab2c0b2e48856598321cb9b56,False
0xfaad22e0407c278909590fed9013f37b9e2d1e58,False
0xcc47940cf417dd59478286ea1ac95bca80e21be0,False
0x2f0fb054db41a6b6e58ff25b451cc065c5309161,False
0xbce5a302a825fd67492fc63d82666707a01e7ab3,False
0x744f25650af7cd016df7221bd07647ca25dfc2f3,False
0x5abf62bd2aa360306d0a81a9c8b9878bbdd05d3e,False
0x5c392b2cf73c052315cba76b065effb8f06f1ffa,False
0x82701111940bccc99127ecb209a651141822a69b,False
0xc6c40c379c8442cdf582bb9ebf1ef6c306c61fa7,False
0xaa934346e4f74bc23e62153ee964df8b826694ef,False
0x53fc323b54c9f73879464ccdc412c34b004dc55f,False
0x44111a07eee7781c7b6725bd4bb3194d3af9334a,False
0xe1ebbf10ff289a646d55d717b0bb891ba285bd32,False
0xdb030e3e8e1e34c7a2bb85783659d4afe38a785f,False
0x1fda01f3210e6c7fbaa48bf00b7f347df5003fb0,False
0xa4c13470da60e81f15d304d071a9e1168605a6e0,False
0x3b7143336130cfb7c45f246e0085f6e74afd3fa8,False
0xf0eb50cbc71194e4603e249b825f9221b595b910,False
0x0efea698136d636e2babad10821e9064fe08f418,False
0xf94f040ad12abd0b585eae84876429715bfa82d6,False
0x92935f844447abb37b38c4ffcf48d6c4fffd9232,False
0xcde8d6dbf0c2deb16cd3d2c3282daa6b2667a3ef,False
0x326246cb8de893ffb4c257272c073785bbb4bd90,False
0xd420d5f24225702a68ddf21242d5eef816dc2e6d,False
0x141029f5a45e867eaf5ee2ac3221a7fe2d150258,False
0xdd5c8950cba7de3e63b1efbac0f67073a1c8a88e,False
0x846e72e2f4bf9978143d933ef2d224284ebc1274,False
0x72af4d1d175672d1f99506e68e6e7cff484be4de,False
0x5e27de628520d6094a70ce5fbebbf7363480ebc8,False
0x4c95840bb3ce1d717138b3376473f2c021d7bc64,False
0x8cf818cb22983ef9a7ec7a6ef0bccee05c441e7c,False
0x3bd2035d08363a8cfdab70a41b0faad3510492dc,False
0xbabdad2d8e1e6644ccea51d85ae70934d5c271a0,False
0x147b03927eabe0b08b6445c27bd7942605cd600b,False
0x5de8c10529447b4e8fe98190c5de3349c32cfeb3,False
0x7af661a6463993e05a171f45d774cf37e761c83f,False
0x21a684d09abd99970443970f4cdb109d2088fae0,False
0x8328c886cd4176759bfc4a6a8f9c6973cfee3d65,False
0x20893b642b56fa81131a8fb1d6489e82de5a7449,False
0xb8179ab4d3c6a4a055b1970c10488118307c16ee,False
0x430ba84fadf427ee5e8d4d78538b64c1e7456020,False
0x28c6cd63b17a8586ee0a7cb6a537e33d81bb463d,False
0xa4f35395910d7a4ff110669ced4b70227a166877,False
0xa50217a10fcdc8425391880934dc54d2b9384cb3,False
0x57e1cef257ff579fe3d2917fd26ad6b5ffa9eb3b,False
0xe1ed26a9e036a6bc63faf5e7979a4f22e80e5a04,False
0xec992217fb422afd4f5b54ae32d3e878dfe0b50b,False
0xb2a497b7bb54fe34f02708b9d653191a282bcb42,False
0x7b97615c8efab5d7225e0fecd1fc86f12c892e6c,False
0xe9117c386958b6f214914c8e671504a16372d932,False
0xe74bd20a2ef263b3d7e7c88ffce99f22acdb403a,False
0x36386e4fed28b7ebaec55b2e101dc418703eecee,False
0xa0fc70a241823185efb2f70cdb5a8dc61a2dd7f1,False
0x01d4e2c403781a97dbebb25e95f7f6f4c3d9a594,False
0x97feadcf4dd8d58f35be886e3d62be3bc2b1e7c1,False
0xf77c0c6d0484a7be578f5b7619bce92698e30dc3,False
0x39d2978b70ed8db55d51834d4ee7ecb90a690620,False
0xdedf7b429c3a23b1b243a7348934745772b50c84,False
0x0f225fb979029ac264c7cc9493745b1fdb28c82d,False
0xeb9ef7cf6f9aea214b2541ee8605ff5ed608038c,False
0x8b505df3fc9a714617af90e67c02001a04ff0fb2,False
0x4527962923e9326a985baa05218dc0a18620ec7a,False
0xea3fa123eb40ceeaeed390d8d6de6af95f044af7,False
0x7afbb677a70d94ba9eda289e185320ff37e4937f,False
0xc3601f3e1c26d1a47571c559348e4156786d1fec,False
0x4e020b1acdd720714f6accd66f136f00f18c3360,False
0xb33f1b38955b622c5ddae2ff0443d6e0d25ebe6b,False
0xe518e8db352dd96e0cc23de22402982ca2a489fb,False
0x28c3648810efc89d6ce734c23f4cc0cd07f5b2d4,False
0x1e8ea8fc6c173b114a16aab08a02bc6621e21690,False
0x19f96bdc38c929b53b7ba5331a9399da04a5f32f,False
0xc1c191fee3e903ba5fcf3a467145978254a67079,False
0x017632b92ac2397ab61423044fa137ff8a9c6a16,False
0x42d83187e711a78bb1b55047023280be7a4a0d95,False
0x9276896f044cbfd9759bd04f32ad4bb081c1c1ae,False
0x5013b8c94ff2e95e8b36e3c064274b20987403f8,False
0x4da3360cbdd27f2928a4e6fdfef86f274cd2ccc8,False
0xc17b5116ab39c8f747f045e107ea47a917532cdc,False
0x663894588c6245fe6fac16713673471b2dad4993,False
0x4646e165bd90374625e79b1d3b56f3ed3b0af779,False
0x657f3fd62bfa3de5448ec3ef5369405fafb38348,False
0x6fe467be1f4b7d438e9393fd394d9ca3c245c604,False
0x9a25d21e204f10177738edb0c3345bd88478aaa2,False
0x84d1f4bbd0fb53b9a09e95e051f2fe1bf3e01e6a,False
0x01f4916850f37d262108a31aa7e1367441eba344,False
0xd2ce784bc025e08de15e3ca23a95a8c47343604e,False
0x87023915bbbf1a99d2d63ca49b15743d1665e8fe,False
0x5a713b087519fbc56e6262fa77943d77ae3da7ee,False
0x394481b3d4ec4fa6d22579148a2f609ae8256fde,False
0x32626bfb2d289f762e015807f327f210144c10de,False
0x3cc34a0a5c452056909a93e4b2ac17b03e010666,False
0x88b8555cb3fdee7077491e673a5bddfb7144744f,False
0x6cc5a415327733f493481e40a23de14413739660,False
0x4dbe0898bb125a5fa7afd2b7c0c6f54743fdf808,False
0xfc221e168dc56cda3deea3108760df13766280b6,False
0xc43dca4cc8bc170261897863424cb7a53fd41eeb,False
0xa20379e47b2b9b5a02557fd2c862d2915a509bd3,False
0xd34d4916440dba56a5719af981e646d69c9cec0d,False
0xcd6bcca48069f8588780dfa274960f15685aee0e,False
0x21348dc57da01dbba38c924e179d3ccd65b18753,False
0x03e45d3752cb0c101b01cd1775ea4d0f9b2b1f95,False
0x60e5d1afef2d253366e87d8298090b7d0ea5d827,False
0xe458119ba41c120e7f0ee158c690d2c3bf4ada78,False
0x05f155e92bb51b3ea5c60974f9a49c6d41b13ff3,False
0x4e37dcad9e6e1465f33387587cef22616aac2541,False
0xbab761277f52fff80e35a961b4c63e95c733ddbf,False
0xebc94abb2f0be075473472ad9541bc7ed4048847,False
0x5f0a8554a31d43b4db5f0bdb898b5d2319b6ea48,False
0x74ce3035bbb0eac39917a459d372b95f4bc22ee4,False
0x7862dc52901c3f2a7a73fc00b9fd25f0ba911128,False
0x1dd2f947fa329a921af0b9fba69b311afda606ff,False
0xab8e94046b56a50513721aa48febe6125be8b0ee,False
0x93cd3ac3cc7ec48d72b679f36d1a31dc9772caff,False
0x11cb3894897c1b0bda130839eb2b2164278c4aab,False
0x58025c79662e81f1ee72bce632511faf4e6aee01,False
0x39702fb02f98aa186070060620a511ea5946de46,False
0xba86bbe67db84d221d3e93b00278052833416ea3,False
0x1f1d6ab6042a7be8a2cf2d4984ad9c1309de378d,False
0xcc8eae245c1a7857acf2d5390a504a2f0eb947d3,False
0x5ae423f14eeb5049be535e8595cc37e66f2bde29,False
0x09bb53a24b90af4cef966a5acf38bafae65fee8e,False
0xb14b9464b52f502b0edf51ba3a529bc63706b458,False
0xa71820edb30225bff7ea1483fc6af28f38d2fd82,False
0xbb22ef26f2d6854ddc85aac90d0524966f78e89b,False
0x1aace56916c319b3e937ec8815a76039f2f28f81,False
0x6c406daeca809382e649d6c8f768450bf8dbc1dd,False
0x6f9e023c0881ec3d8f56630a6c4fd137c025419e,False
0x8aeb846614f63342fdf2db8865c930b5257f21f0,False
0xec5e74814f3f8cdf6dc919a9e32954496379c075,False
0xe388c2168b8e2f812f370ad958eb7d5cdf129acf,False
0xb6c2b8eae9c2bc27890bc542bc06f5d103ca157f,False
0xad19b7e2b1dac6cea46b18eec731981c08e6f08e,False
0x3fd349f3d99970dfe553ca04e37e066be955c1a5,False
0x8d7a93e896784a64c17a11f29067bd5416df7d60,False
0xb8ec4eb95d104753747bc689e6e997a637245bbd,False
0x1840c51b131a51bb66f3019cc7b2d54e6d686e10,False
0x420cf323d2c19ed37b3a24093fd29da3733e7e58,False
0x071d2630314f770fc6dca0d517ca69a2cd0f724b,False
0xd684ee6b7995fb03b8fd4c5314b123b538f5360e,False
0x9ca8aef2372c705d6848fdda3c1267a7f51267c1,False
0x7b412f141996411401f57e2ba1bc2235af807d4d,False
0x966ea83cf3170a309184bb742398c925249e407e,False
0x7f1da3697236d4a5e0efd2a99de5d9c076937856,False
0x319e128c8febd6ce7ea0d4c51992a48040719758,False
0x5b6a17d4e84b8d9b40eaaae821fc141d6158fe44,False
0x9f11faf42a16d986f7bfd6338f41db880da6df39,False
0x05e452bc74e85b026ab36ca9276573fe4738e77f,False
0x0efb424c465dbd0a626359d63412838f727f2c25,False
0xb780f89d37864492a81c7b0053879486d259f16c,False
0xc908b3848960114091a1bcf9d649e27b25385642,False
0x3bb51d9f6e350d84fe9d3978d2b342944224663b,False
0xe6c804ff4ec692e6808c0d032cdbc03772fc4d42,False
0xc19a07ac4ea52420039e2d6762299462d922a65c,False
0x2084c8115d97a12114a70a27198c3591b6df7d3e,False
0x306d9c4c195cb49d48599a773e18ab79469811e3,False
0x4b1e9a9de809ce968c7dfb0e66f91bb7d794f3ed,False
0x49ca5151cfa6604b74a538c4f40dd111ef4733a7,False
0xd101821c56b4405af4a376cbe81fa0dc90207dc2,False
0xb906b406906fd75aad26deba8b3402c6244861b6,False
0xe337ddea4f53a83dcf0ac7e3ce2f5be04600d459,False
0x3859b3d01b4eac043a5070d3911a7ccd873ec6ac,False
0x856ebe5242ba8c038486c7a93093f0ee844e21d7,False
0x394cb9e147b8b288e38615ae04f442a037bcb99f,False
0x8d3c9f4d0a8dbb6d5e2068ac36719290f7988cc1,False
0x37d6ddb9346ce1732bf5935e9d6c03046ebcaeaa,False
0xeea71c6641a57c1515f6d0277c0159ba32192267,False
0x59d6a801410666caa739f3b8da95dee20bea73c0,False
0xc491257ac2160766da9dab6851fab606ac151821,False
0xf00e0831e620280b028452b634735ea21e5cad77,False
0x979a6e410760b83bdc6dcddd0e904998ea575197,False
0x2cea677e38f16a3016cab43b533efda0458af0e6,False
0xd49fb52ec8b891109d2062f9010e0e77bc0974f7,False
0xf0936e53d924d7f442a04c038082a46c77ecc8d8,False
0x6cea05f7cb348d48a0bdf86889040f6a5bae98dd,False
0x14b1843dd8b9723e24c9cd1c66a0bb678517a335,False
0xa45241d6c944616918e2b91c467e0b2c29b50201,False
0xf932ff2b8e73fc5b3543f605b34e9bdf4b12001b,False
0x4a6670b0afb21b2770541c4c9bd678323f7d84c4,False
0xe6b7e541e332346ab7a72059c6c09f12c6b0f3b5,False
0xf9e7959cd9fc660063fe6b79b5809a98f3620258,False
0x3eb3d4262c4894037352cdf24c6a1a3af028b374,False
0x15861b072abad08b24460add30b09e1481290f94,False
0x73263767a9d5e6998ba408839e06c054a88448e1,False
0xc8fae295bbd8ada3f8dac718043ef1f755c40256,False
0xcceb09c6d9bb5e9eaed77475b610e6019af05cde,False
0x0d5e7b851a6054ea636ce32423231dc3b6ec0204,False
0x41aabdd22171e405a8e7b98adcff36db2ce0f68a,False
0x537b8afa3d302e5c873922de7014d714f050af51,False
0xcb3c1f96ae6ab4fc0dec14703cc7ad9fcfd6d178,False
0x62f22a47e5d2f8b71cc44fd85863753618312f67,False
0xfca68d9d45e0ebeb569b3e9ad2872c9e8d7a75ba,False
0x56cb109d29689b475c2e960954525d25b51a1810,False
0x1c9052e823b5f4611ef7d5fb4153995b040ccbf5,False
0xeef0c752b92737f47e91355c5656203a2de31bdd,False
0xfbe0defe8b9f31b61b9b74047d5922321ec5c73b,False
0xd6c2af244dd56db3c9d276808eda8b5fb040007b,False
0x68552173d677569177f4816822bd6274791a0192,False
0x334fe545143bdb45868f3666ef1c33522c7157cb,False
0xe82701fd630c91d35cdb923516c6a466ecdd0d05,False
0xeac15fc48152506387bbb3c80724fb51054defba,False
0x90d573a5b98c8c20f66c65f4d43a4047282ea5f9,False
0x63a199fe52658e385552f1a2f7cec0e9f7b676db,False
0xc5434313412b62c41987dd663f713d8777317cc8,False
0xa323fc62c71b210e54171887445d7fca569d8430,False
0x35b9729ff21d54f02bda512f7060466494a40ede,False
0x598e740cda7c525080d3fcb9fa7c4e1bd0044b34,False
0x2ce677f2e516f888b2e831bf2942eed40eef8a3a,False
0xdfbb47a226b17044592c4e8ecc0819301f9f1e34,False
0x879726ad2bce8f89bf76cff7f26491e88f3d8d70,False
0xf8504d57847784c5a75283b54a7878a23384705c,False
0x06d9cddd7fcaf2e93573d04be5de2fc4dea45f45,False
0xe4dc52e66456dd5d5a53b8ec3903d1a8aa559774,False
0x88ae9e1625cfcbd128b89e7f037eaaf6a7cc9666,False
0xc04744ab87a4c37afd91680ef280b96ee21a026e,False
0x1e6a208c57689aaad5270cee5b0473e2c8c6673d,False
0x7bdeb22b6ac08149e5fe847daa04b9e4ba8e1c85,False
0x87df58bd073e632158c7d359fbbeea6a12b307e5,False
0x6061a36ad6b7958f68129bb313e6eff81cd9113c,False
0x7820fa98cca35142992eadf8a3c5044e1a82ac34,False
0xf5bc62f2f0ac3d5d18c564d74b9b810f284cf59f,False
0xd090db4a37513045d26748592fbdc4e19a216bbe,False
0x1f964ff83c54ce447adae5cb93f9ec17018bf55b,False
0xd1b32d65ae5add070fb54bab3f28033c5a72c849,False
0x6b1bc3e80be6108d1939f64b652cfa9917679cc4,False
0xb48e4a607b6eadebbe84c832e19e368d81424270,False
0x527d5f10d70ca41e1e0eee8d30b553bb5271ee48,False
0x453a43e2bf3080f7a23c9bb034ccdd869e306102,False
0x297e3087af2fd5a07106898c95d42f12081b2baa,False
0xfd3f91feff074f22550a71e21aea0942bd2dbcf4,False
0xb103f3c9e25e6211b5cec3138b22a28be1d8fa9a,False
0x2503bb2371207ccdca11965dbcb47fb73670b040,False
0xafb202c128e3b740f75a69288b885422b037649b,False
0xd95a13af29ec5fd68439d15aa9517f4fc55de7c6,False
0x33d19cf344cde57bbe63136b546a1cac48862e5d,False
0xb6ca52c7916ad7960c12dc489fd93e5af7ca257f,False
0x121b382b5f003c41fb49e7b88d079c8f513feaac,False
0x605684b039b373568aeb4871356eefe0eb812ead,False
0xb580887f41929aaef1e5994f07df2623c1842bf8,False
0xf827fa9b46745a876637406e2a3bf0a2766b89ba,False
0xb65205c856c6cbdcba445dac95b4e1d8c77f3cbe,False
0xe2022135de540b58143e2b61c39a62c39029e0f1,False
0x4ab2d80d60326de4e561b670fec96ed97e13d317,False
0x705725c285f4fa23c0ee602319f28735f73c8475,False
0x4357ea68633a079fdfae21b35a68bc0f9d590402,False
0xac6849439075d97f40842f8f0f3bcb375ef10ecb,False
0x0e6a01fcd1420b719cb570be60b6bf80fbe460c4,False
0x1c3115b49a7e792c3e20eacca482339cdac12d05,False
0x76b1c830c0b2e8ca68c18df235f615330e9b6061,False
0x64e79759b9385921764714caac9755060e9f62fa,False
0x64f0bc5141b18b8c816da7e7f1f26676e10506bb,False
0x77d97e9622deae2744f1bdbd9aa6fe3c41dfddd5,False
0xb6d20c0bed8bd8ead1f369a38f98e9dc68105396,False
0xbf49c7cf663076afc6e2757b88db01e318217312,False
0x681c1c67281a9d844fe87e4efd0de1320dd64409,False
0x6af6beee99f74ba3b54bbc895efed463b1a31ea8,False
0xb66c84d0d208f2fe593374d1447fdfb146b2d99d,False
0xdeae1d0c8c390740e7c0f7d794f66d638b566149,False
0xbc53315c6949f503ffe77fec5c4ef28fc6e1bc72,False
0x5fe995a172817b2688421f39230c56a9ce3ba5a7,False
0x2a4da9be7a78573b12385ea91c8b7b07a98336ed,False
0x9c11be6f519cce3bb274197e9bc09e9d6604e759,False
0x5d81b25054833fdfa023a1c46ad9dc2cdb8eaddf,False
0x005aa85499bfe43849ea167c5b78076f3510131b,False
0x89c7f7ab530aa22cc57a345bd7d0602e0e939ba6,False
0x4c96ce8e5191d395191690c26f4368f2272305e1,False
0xaf77bb3bf80f47cf47509b0e4c245970485019d6,False
0xf7199887cc7cdaaf4934bd82110a9fb8b864171c,False
0xd058416f4c83a4f187631c454f872b076c0a7642,False
0x21c5eafc7b678c88eca3fd43f867056740f5d080,False
0xed4985a31e9c616a4dc28120faa222abed6e9eaf,False
0x147bead0b921b2a33f34558c5764ec251f36ba6f,False
0xd99e9c449f40be2809b2c09d4a04114eb559cfaa,False
0x479d7a7864e00668da1ee507fa1b925fb1b2ae19,False
0x6b7add500afa8c698e81c12764082731fc18e891,False
0xb88d770e73d2ea6e55ac971538f08584659cf685,False
0x23201344493fae9e9daf3279e930bdb0d4e5d5ec,False
0x9973bb0fe5f8df5de730776df09e946c74254fb3,False
0x475c311491b92907272ffcf0bd77a286919ea98d,False
0xdcfe794b93a184ed83911dd94e6e11d46f096cb2,False
0x886fbb0f9af628b43508fb7d76d034dcfe6a6d6d,False
0x7dbc4253e35f20be7164f0a3e0959c33136d007d,False
0x52a500af09450aa8deef61f048313cf57fcb30b6,False
0x6cad61e2da5c46f771799b8e2a53d4bd15c0b09a,False
0xaddf19d893932cc1f2652600904a58d5925fe9e5,False
0x050397956e1fc8a0a2e62af035275f8a415b85a7,False
0x2bf2f88a914adc1314aaa3a1800b33f6cea825d2,False
0x2395edaeb647fd499156130277aea29eb5414046,False
0xc8bdaf8570b66f6031516f8b895e10e57d66fefc,False
0xd5b1523b48d41c46e5d1091a9b068159353ff3d7,False
0xf49c43ae0faf37217bdcb00df478cf793edd6687,False
0x1c87170cdbb3de04dce91bc99c04680d140d1982,False
0xd80e0abf542c874e055da73f2a9d7ce492cdfb51,False
0x966dd46d9f09986bb79e6f6d7d4ba4a3eec22052,False
0xb3dc9b6a0509a91c0bbf185466491ed3bccb8d55,False
0x552e2df52e20f5746b17fb093d0a3f0b10d0068a,False
0x440349579065299f3458e4f101d2fc410517997d,False
0xfaaf1b25ac59479b63a2b80656a2ea26403189de,False
0xeb38323f2e78385672aa10a6cde896d17710dc1c,False
0x7f2db06980bf3121c0da987a2917f658340c53db,False
0x050ab62b1c68f44b401508da64dbf8c6bfceeabc,False
0xabbc922ce3afa60c75a2b56ec798da7ecea68b27,False
0xff431f8410f27b0ea5a361d055bd15f5cd091ac4,False
0xfae7f757e4d32583e40fe1bd55c8c1c651ba0d1c,False
0x062d55a4f27dd1d53eea1da4ed4e4537818d4436,False
0x1c6d213c09ef267aba358d5395cebae513ebb911,False
0x029a7cc6dadbbc129aa6c7771a54055042a4f936,False
0x590d4b78f7cf9a73eae1e967f2b0c00bf106e4a5,False
0x596a92f8d8b8906fae8e3dad346284f354830e1a,False
0xb185d6cb4763d9aa82177665f0e6ab2fb9ef38a9,False
0x058361efe02f251d09cc5e681a9d1b404f4eca67,False
0x747d0fe0d4ead86a544370563a18b472619009e2,False
0xf4ef707f3f4166cc79af15959014dbe0ecd7efa3,False
0x335fc34adbc1c12f3f731c3eec1fd27f36daef4a,False
0x6d9e7e92f507c07f0ee4c9e14fb93b7ed6f07664,False
0xeed8302bcb5141b91d859bf8d3bf3d84d59781db,False
0x59bac4580c0b21852e2e3ecb3e2f60c6d1b5e056,False
0x5c52d47579c467a4cd888dfaaee4c9794a506938,False
0xbc4100eafe2e26321da270a228bfc7d08c05e1db,False
0x1f285df5dfe4a85359dbf911194cddcf05e0966a,False
0x034ac58393ecc9a687ce56527d617ac5661d3e97,False
0x05b4213427803e418fbdd0eb203ec6e160fb811b,False
0x856a905ed7ee294636404edf50713cce14755718,False
0xe8aab3e172424d1976d5b671622fe465d805eb1f,False
0x7ffe6757686829477736b119547fbec2fa189328,False
0x6b9d8ffa0ee0677255297ff9f94d4ebdf74590c6,False
0x8327fbf74f7a18fcd8be7b410b6d9706e29c0231,False
0x8490af0f0671fc13a286ec8e1d03022c3ad4ba3b,False
0xa9bf31eeb9ca2b6e503042442ed67c586e63bab3,False
0x20ab515a35fa994fbf72b1f9ab0f2fd4149b6c53,False
0xfac49a3524a99c90defb63571b2dfff70d12b1e2,False
0xda020bc5f90c821fa472113423050378aab13102,False
0xf55c503bed3b1aa9b646a878a66b441f35afe3fc,False
0x12d08dde331f0c0d3709daa5f3ed5906e304a42d,False
0x32ce7e48debdccbfe0cd037cc89526e4382cb81b,False
0x95a5543111343ab2a66a06bc663a1170acf050b9,False
0x36d08339560aedd9a9994ce8d06e1960b53e153f,False
0x9232c48a4ccdd1286a7815a8b3a6985f984a59c1,False
0xe73278216cce7c0275794cf7858034f7bf2cd8e7,False
0x0ee0cb563a52ae1170ac34fbb94c50e89adde4bd,False
0xa70e6425c1ae1e070be3fc270cac8c3d4e11c27c,False
0x1adac7de5c5d9894a4f6a80868ade96f8a2ed0eb,False
0x3b88426eec43759b3bf8645e8b4f59e274eed5c6,False
0x99ab6ccfd5a873422b90faad3e6fdb98c1bb3417,False
0xc402d299c68ff1c4d3902c4ea0ae8487c2d2f965,False
0x21359dfb99489204a3549692dd80f2cff4d4e8f9,False
0x0d0be99fbd35df0cb95215f0ff0eb472751d1de4,False
0x00d76633a1071e9aed6158ae1a5e1c4c5dc75e54,False
0x9c5fd4596f910cdd4fdd2ffd64b9f0e2d87ec624,False
0x811f8c60ee1805db7ece0fa3c7b064feba887053,False
0x56601760b9ffb2c8546cb0e37870060b0e5b3ad3,False
0x39fb7af42ef12d92a0d577ca44cd54a0f24c4915,False
0xe632ded5195e945a31f56d674aab0c0c9e7e812c,False
0xf85ed73484cbfebe93622f579b8f04f104dd5da6,False
0x7c6fd8bf8a8064a7a336724872bced5d7ee911a9,False
0x39de6c18d82ab9dd1ed4b9e0b4d1bc971ddd6c9d,False
0xc352e35a7e5364e53073b4670d5f622438774a41,False
0x95ef68d33b87143e0bb8da62422cb0eac4566f3e,False
0x165ab553871b1a6b3c706e15b6a7bb29a244b2f3,False
0x4c581f07cc836e62800b3c05d1ccd6d115c916e5,False
0x4d7128173b80e16b6bab37e33b964437bb5fc696,False
0x17946ae878a5f6a9b45315875d00af897dc5d1ac,False
0x851d5bdc21d93df502d81db438c2cdf4254576e8,False
0x10ae2314c1d5b927430bc7fbcc6dada0673cb014,False
0x20e966013fff2a790942575c177ef6f5404b1de9,False
0x8340a818fe5b80441c4d96424ddf07867299b135,False
0x1bb7941b8998edb59adea993833a7f0d19a601de,False
0x55b71cb471a2be25deee931cf1bbb81687884960,False
0x670b681d8acca37d7e12c43f9d5114f4543e50ff,False
0x78927025b2106c7729a02543df59808cf9b628b6,False
0xeb1e76957721a5a0d90345cd657a92e2942ead1d,False
0x5121257494422f8f655f916cde128fa1422a52b9,False
0xcab5913aee2d2e761d865673bb0c2c4b98ceb676,False
0x8dc4b56ef4a2a1272f7e652bbdd3b6c3a84667c4,False
0xf0ceb53ae9a3659f0637ef9f1c14536ec56506c5,False
0x2a42697b8d2e891aa2b31d543a262814228a877c,False
0x1ba26c3a4ba059660149a43f69c49230f134dbc2,False
0x5f91c89ea4d0052dc7fa79ed499215ef767dbfbf,False
0xa660973303d2da6107d91af5e91a8fd16bc33c39,False
0x805e4e1d6e6d93bac9ef91ce8d066fcb045984b7,False
0x8982390fe1c4f6a46f612732516b451efd00a9a0,False
0xb2843c7133289541086fa41673850dbf61cac6db,False
0x11dafd5b8696c92d7910e1e7a7fb238d73064002,False
0xee0575135898730f3b67f4bef440f9e329b2bb5d,False
0x91a0bac9575073b35adaa7c9b09921d71304b5c5,False
0x3d1d0553a4587c2e74af73b00a202cea5794547e,False
0xe0fe0440a7121a8815a49de4f15508123c4102e7,False
0x89ca1736723ebc1edc2fb8f19b3e54367f4e6962,False
0x6f36111198af4ea37ee02979feca11ee81611e83,False
0x36ab4118c44dba4e8ebbed18db5dc7a85167815f,False
0x22453fb15757f2a8177880d8b8cf5144f07d1679,False
0x70235a346a1ec1d7a40181ff88a3a2e5260e1d04,False
0xeed363729bdb7f9d7b5fce5dbf8bd5cc4fc98f7f,False
0x98cccdb40f3dac0279da4111597b7108ee56f06e,False
0x3b7ca47ed9ca894448ffba8893896fd611bbcec0,False
0x9468e2c401e13522e684e60005e388f7c395de92,False
0x98bb850ff2e55a886a281e37324b72ce4d51e02d,False
0x038ae3b30920bdfccb6a77242d60e5f159a500f8,False
0x41a121d28da8f0831d3c8347220c60f5a03bc9d4,False
0x6c110c11238c5d3389ea3c480eb7f23a7be909d9,False
0x6fdf03d96c40736f787b6354aed7ca3ae8e3d372,False
0x99a65698566e757610d5aa2372f6a0c7df92ae9f,False
0x85c920a41dd7de0d5bc0f3d6c03241bac9aef0f1,False
0xc6562f56df9558dfb04d711839d0acd77d662145,False
0x8cfa4c73a9be811a36b6f1235fe07032ab62eca5,False
0x9c192844d3ce23dd10ad8dba6acf272f6a1b89f5,False
0x4ff28e9a5572e59fb9db5754d0fc94986e982675,False
0xc07fc26d51cfbe9a8bce317d5cef05dd3be04901,False
0xa3a0f67a1eb55988c3e3f1c36e4133d39a6312b3,False
0x5d4537b2aea22c1079cb39bcdb0109d63f15f58d,False
0xe42ca09ea1b2f881aa147f684bb42c5869b4d1b3,False
0xaec2a2035fe9f72456593b6bdac82b0c13953993,False
0x2063bc2373f75666cc0f7b9236f4fc73104b54c6,False
0x7c2d67dd57852c92f8b012cc5edd14eb399f4c83,False
0xd209d40dbbd175035fbb81cb3a47a26c7adfa568,False
0x247819e21f2dfd5c79b070d6f9023c8d1dc6b552,False
0xad00f17952eb33707331d037f54d499bdf80445a,False
0xab239e7046029c64134e9596076043b16d91123a,False
0x8a4008961a27752e1c7178b73b9d5fa1d37fee3c,False
0x592e198bf79fe18d3b11fddf516cb6e87d332ac5,False
0xefc3b8afc0a0cc08187267e5534d0cf4abac275a,False
0x4d6998ff7094c70a60d9b871bbd0542818880bd2,False
0x7641b4304b5ae5a4cd54925ebe17e8c01b56a42a,False
0x6cb117d3b86a1ba32eb7057a274a9fe958dba4da,False
0x737b75965335e11b3d6f327732a1161a10360af9,False
0x39c8e6e480b495212f30eed8c2db7837e5ec26d6,False
0x379c904a09e65289770c83a56200a3e4950991f3,False
0xc67580e5ef43e86440dc69f315bf6baf30e2ab2a,False
0x4d8da3fc4bbdf8c12d63217b423d1daa4313bf24,False
0x1f61cda8825c7fe0c99b3040774d2083681e6840,False
0x5494b988c009f613f4ea061ee14e18e2cfed9e3c,False
0x0509c9e09d3cf2b5346ebc212231aed09c0fd0b6,False
0x3a815d399de8def3e0d315f9502f485476117a65,False
0xfc35017e6361eb72dc22c09907337da1612984fd,False
0xc30a3c1f39b0f0ec235c0187276513bb01b8cd73,False
0xb6bf6dc27bb07ccf3f94a1c91ea042dc1c50dd3a,False
0x8fe15be3aadd30f78752001e6e38b846f2d195c0,False
0xbfd9d1659dcd87b57d1502b10a80d2b074fb6eaa,False
0xa5a725ce2ccdc776add4a3468e7d84ec0ddc98ba,False
0x1d78e9118b0d1e05d7d2cf8131a659c91b1c085f,False
0x051c1434d911dfb2e837517eca38a48a758a25fc,False
0x14cb1338ef0d3976d5734c2b7081eb37d6234dc9,False
0xd33c0062610bfebf721d530625fdd959ca27aa10,False
0x7692bc350abea6a98654914e09ec415bf09d5139,False
0xfc19de4aa112519742fb160800d07e55cb55f4f5,False
0x2d7aff18ab7495d46f726b583a6fa50325702b36,False
0xf0a83efc6209de1019d7bf8efb3fe16e83102aab,False
0x1add24bef05d5a34c7dac3856b675ce9e97f6d92,False
0x1d10456bdc25b9ed1ec4f0a0920174641b25858c,False
0x7c3944259544fefc0c8775707528163c85c2b92e,False
0xe4abdc0a69669330d0c244ad96aa51f5f466cd2c,False
0x6a63be37a5501dc0f88ed3fa21d3cf9a64eb618e,False
0x1efd85acdbadbe1800ce08b37541e13fca82f1f7,False
0xf6b2baed39ee3b9b83c8de721b9684cb240a6b67,False
0x259eabf12265addb73bdfaabbabdfe8c151d365f,False
0xb77de6502c9256f8278dba04a0c29c2d40f5b199,False
0xf5f2b1f64f3dccd4339ded50e073e1712996af3e,False
0x9cbc0f8490f8fd2594fd785f07fd8f0b54ca9453,False
0x4028daac072e492d34a3afdbef0ba7e35d8b55c4,False
0x3f3ee751ab00246cb0beec2e904ef51e18ac4d77,False
0xbb2b8038a1640196fbe3e38816f3e67cba72d940,False
0xe4f719c11fc5ab883e32068df99962985645e860,False
0x281cf68a2f0c04f5976867c66fd60dd3d7e0c438,False
0x23bff8ca20aac06efdf23cee3b8ae296a30dfd27,False
0x6147805e1011417b93e5d693424a62a70d09d0e5,False
0x81fbef4704776cc5bba0a5df3a90056d2c6900b3,False
0x60a39010e4892b862d1bb6bdde908215ac5af6f3,False
0xdaec95fe6d0c93481574d0d78af230dba8609017,False
0xa7fd8ff8f4cada298286d3006ee8f9c11e2ff84e,False
0x854056fd40c1b52037166285b2e54fee774d33f6,False
